ply
format ascii 1.0
element vertex 3656
property float x
property float y
property float z
property uchar red
property uchar green
property uchar blue
end_header
111.4 -416.3 165.9 161 161 161
115.2 -416.3 165.9 159 159 159
119.1 -416.3 165.9 162 162 162
122.9 -416.3 165.9 162 162 162
126.8 -416.3 165.9 162 162 162
130.6 -416.3 165.9 162 162 162
133.3 -412.7 164.5 165 165 165
136.0 -409.2 163.1 166 169 168
141.0 -412.7 164.5 165 165 165
146.1 -416.3 165.9 162 162 162
148.6 -412.7 164.5 163 163 163
151.1 -409.2 163.1 160 160 160
154.9 -409.2 163.1 163 163 163
160.1 -412.7 164.5 163 163 163
165.4 -416.3 165.9 163 163 163
167.7 -412.7 164.5 163 163 163
171.6 -412.7 164.5 163 163 163
173.9 -409.2 163.1 166 166 166
184.6 -416.3 165.9 161 161 161
186.9 -412.7 164.5 161 161 161
192.4 -416.3 165.9 161 161 161
196.2 -416.3 165.9 162 162 162
198.3 -412.7 164.5 162 162 162
198.7 -405.7 161.7 162 162 162
200.7 -402.2 160.3 162 162 162
217.4 -420.0 167.4 160 160 160
219.4 -416.3 165.9 160 160 160
227.2 -423.8 168.9 160 160 160
88.9 -147.9 58.9 156 159 158
87.5 -143.4 57.1 156 159 158
88.8 -143.4 57.1 156 159 158
91.8 -146.0 58.2 157 160 159
93.2 -146.0 58.2 154 156 156
94.5 -146.0 58.2 154 156 156
93.0 -141.7 56.5 155 158 157
54.1 -76.9 30.7 157 160 159
54.0 -75.8 30.2 157 160 159
56.1 -77.8 31.0 158 161 160
72.2 -52.3 20.9 95 98 97
80.4 -319.9 128.7 161 161 161
83.9 -322.1 129.6 161 161 161
87.0 -322.1 129.6 161 161 161
90.0 -322.1 129.6 162 162 162
93.0 -322.1 129.6 165 165 165
96.0 -322.1 129.6 165 165 165
99.0 -322.1 129.6 165 165 165
102.0 -322.1 129.6 165 165 165
104.3 -319.9 128.7 165 165 165
109.5 -317.7 127.8 165 165 165
114.1 -322.1 129.6 166 166 166
117.1 -322.1 129.6 166 166 166
119.3 -319.9 128.7 166 166 166
123.9 -324.3 130.5 166 166 166
126.1 -322.1 129.6 163 163 163
129.1 -322.1 129.6 163 163 163
133.0 -324.3 130.5 163 163 163
137.0 -326.5 131.4 163 163 163
137.2 -319.9 128.7 164 164 164
146.2 -326.5 131.4 161 161 161
146.2 -319.9 128.7 161 161 161
145.2 -311.4 125.3 161 161 161
155.3 -326.5 131.4 162 162 162
156.2 -322.1 129.6 162 162 162
149.0 -301.4 121.3 162 162 162
154.8 -307.3 123.6 162 162 162
219.3 -419.8 168.9 162 162 162
173.7 -326.5 131.4 162 162 162
227.2 -419.8 168.9 162 162 162
81.6 -132.5 53.3 156 159 158
80.3 -128.5 51.7 156 159 158
90.4 -142.5 57.3 162 162 162
89.3 -134.7 54.2 155 158 157
54.3 -76.6 30.8 157 160 159
54.5 -75.8 30.5 157 160 159
57.4 -77.9 31.3 158 161 160
73.0 -52.4 21.1 95 98 97
61.3 -39.7 16.0 190 190 190
-13.1 -24.7 10.0 183 186 185
101.7 -211.7 86.0 162 162 162
112.3 -225.0 91.4 159 159 159
99.1 -194.9 79.1 162 162 162
94.2 -182.0 73.9 162 162 162
153.5 -291.1 118.2 162 162 162
153.4 -285.8 116.1 162 162 162
115.1 -210.8 85.6 162 162 162
73.0 -117.3 47.6 161 161 161
71.9 -113.9 46.3 161 161 161
77.3 -120.7 49.0 162 162 162
116.5 -179.2 72.8 162 162 162
78.8 -116.2 47.2 158 161 160
75.6 -109.9 44.6 159 162 161
54.6 -76.2 31.0 160 163 162
54.4 -75.0 30.5 157 160 159
75.7 -54.2 22.0 98 100 100
73.3 -52.2 21.2 95 98 97
72.6 -51.3 20.8 94 94 94
62.8 -41.6 16.9 205 205 205
62.5 -41.2 16.7 165 168 167
62.5 -40.9 16.6 156 156 156
63.0 -41.0 16.6 206 206 206
63.3 -40.9 16.6 188 188 188
62.3 -40.0 16.3 193 193 193
88.7 -172.8 70.8 164 164 164
86.8 -166.0 68.0 165 165 165
99.0 -179.5 73.6 165 165 165
65.9 -106.6 43.7 163 163 163
65.2 -103.9 42.6 163 163 163
65.8 -103.2 42.3 163 163 163
67.4 -104.2 42.7 164 164 164
69.9 -103.5 42.4 165 165 165
71.3 -104.2 42.7 163 163 163
71.5 -103.0 42.2 164 164 164
69.3 -98.4 40.3 164 164 164
75.9 -102.3 41.9 160 163 162
76.7 -102.1 41.9 158 161 160
82.3 -106.8 43.8 159 162 161
80.7 -103.5 42.4 159 162 161
80.4 -101.9 41.8 159 162 161
72.2 -50.9 20.9 95 98 97
70.7 -49.5 20.3 94 94 94
83.1 -57.8 23.7 92 92 92
60.5 -40.5 16.6 154 154 154
60.3 -40.1 16.4 195 195 195
60.7 -40.1 16.4 195 195 195
61.9 -40.6 16.7 203 203 203
61.8 -40.3 16.5 206 206 206
61.2 -39.7 16.3 211 211 211
61.9 -39.9 16.4 206 206 206
62.3 -39.9 16.4 196 199 198
61.9 -39.4 16.2 215 215 215
17.9 -104.1 43.1 161 161 161
18.9 -104.1 43.1 161 161 161
19.9 -103.9 43.0 160 160 160
20.8 -103.6 42.9 162 162 162
21.6 -102.5 42.4 162 162 162
22.7 -103.2 42.7 165 165 165
23.9 -104.1 43.1 162 162 162
24.9 -104.1 43.1 164 164 164
25.9 -104.1 43.1 164 164 164
26.9 -104.1 43.1 165 168 167
27.9 -104.1 43.1 164 164 164
28.9 -104.1 43.1 165 168 167
29.8 -103.6 42.9 166 169 168
30.6 -102.9 42.6 166 169 168
31.9 -104.1 43.1 166 169 168
33.1 -104.6 43.3 166 169 168
33.9 -104.1 43.1 165 165 165
34.9 -104.1 43.1 165 165 165
35.9 -104.1 43.1 165 165 165
36.9 -104.1 43.1 165 165 165
37.8 -103.9 43.0 166 166 166
38.9 -104.1 43.1 166 166 166
39.9 -104.1 43.1 166 166 166
40.9 -104.1 43.1 166 166 166
41.9 -104.1 43.1 163 163 163
42.9 -104.1 43.1 163 163 163
43.9 -104.1 43.1 163 163 163
44.8 -103.9 43.0 163 163 163
45.3 -102.7 42.5 161 161 161
46.4 -102.9 42.6 164 164 164
47.9 -104.1 43.1 164 164 164
49.1 -104.3 43.2 164 164 164
49.8 -103.9 43.0 164 164 164
50.5 -103.2 42.7 164 164 164
52.0 -104.1 43.1 164 164 164
53.0 -104.1 43.1 164 164 164
53.5 -103.2 42.7 164 164 164
55.3 -104.8 43.4 168 168 168
56.7 -105.5 43.7 168 168 168
56.6 -103.4 42.8 168 168 168
56.7 -101.8 42.1 168 168 168
60.5 -105.1 43.5 165 165 165
63.9 -109.1 45.1 165 165 165
63.1 -106.0 43.9 166 166 166
64.4 -106.5 44.1 166 166 166
65.0 -105.8 43.8 166 166 166
64.4 -103.2 42.7 166 166 166
66.4 -104.8 43.4 166 166 166
67.0 -104.1 43.1 166 166 166
68.6 -105.1 43.5 167 167 167
130.5 -197.0 81.5 167 167 167
76.5 -110.7 45.8 165 165 165
72.8 -103.9 43.0 166 166 166
70.8 -99.6 41.2 164 164 164
78.8 -103.9 43.0 161 164 163
78.4 -102.0 42.2 161 164 163
84.7 -108.8 45.0 162 165 164
82.4 -104.6 43.3 159 162 161
80.8 -101.3 41.9 159 162 161
68.6 -47.6 19.7 95 98 97
58.6 -38.6 16.0 200 202 202
58.3 -38.1 15.8 195 195 195
60.2 -38.9 16.1 169 169 169
59.3 -38.1 15.8 211 211 211
59.0 -37.6 15.6 188 188 188
59.8 -38.0 15.7 215 215 215
60.4 -38.1 15.8 211 211 211
29.9 -106.5 44.5 165 168 167
30.8 -106.0 44.3 166 169 168
28.3 -94.5 39.5 166 169 168
33.2 -107.3 44.8 166 169 168
35.1 -106.8 44.6 165 165 165
31.9 -94.1 39.3 165 165 165
38.1 -106.3 44.4 165 165 165
34.8 -94.7 39.6 166 166 166
35.8 -94.9 39.7 166 166 166
41.3 -106.5 44.5 166 166 166
37.4 -94.3 39.4 166 166 166
38.2 -93.9 39.2 166 166 166
42.6 -95.5 39.9 166 166 166
50.0 -107.5 44.9 167 167 167
46.6 -94.3 39.4 167 167 167
55.1 -107.3 44.8 167 167 167
55.7 -106.5 44.5 168 168 168
57.2 -107.3 44.8 170 172 172
58.5 -107.8 45.0 170 172 172
53.1 -96.1 40.2 170 172 172
53.0 -94.3 39.4 170 172 172
65.8 -111.2 46.5 170 172 172
64.9 -108.0 45.1 171 173 173
66.8 -109.3 45.7 171 173 173
135.0 -204.8 85.6 170 171 170
129.4 -193.4 80.8 170 171 170
122.9 -181.1 75.7 170 171 170
76.8 -108.5 45.4 168 168 168
85.3 -107.3 44.8 162 165 164
54.1 -34.8 14.6 178 178 178
53.4 -34.2 14.3 179 182 181
56.5 -35.7 14.9 215 215 215
55.4 -34.8 14.6 215 215 215
55.1 -34.4 14.4 215 215 215
24.4 -89.1 37.6 165 168 167
25.2 -89.1 37.6 165 168 167
26.1 -89.1 37.6 166 169 168
26.6 -87.9 37.1 165 165 165
27.7 -88.6 37.4 166 169 168
28.9 -89.6 37.8 165 165 165
29.4 -88.4 37.3 165 165 165
30.1 -87.9 37.1 165 165 165
31.4 -89.1 37.6 166 169 168
31.9 -88.1 37.2 166 169 168
32.7 -87.9 37.1 166 169 168
33.8 -88.6 37.4 168 170 169
34.9 -89.1 37.6 168 170 169
35.2 -87.9 37.1 168 170 169
36.1 -87.9 37.1 168 170 169
37.3 -88.8 37.5 168 170 169
38.3 -88.9 37.5 168 170 169
39.1 -88.9 37.5 168 170 169
39.6 -88.1 37.2 169 171 170
40.5 -88.1 37.2 169 171 170
43.1 -90.0 38.0 172 174 174
44.6 -89.3 37.7 169 171 170
45.5 -89.5 37.8 169 171 170
47.8 -90.4 38.1 177 177 177
47.2 -87.7 37.0 170 172 172
48.5 -88.6 37.4 170 172 172
50.7 -90.9 38.4 170 172 172
50.0 -88.1 37.2 170 172 172
50.9 -88.1 37.2 170 172 172
53.0 -90.2 38.1 170 172 172
56.7 -93.4 39.4 171 173 173
55.7 -90.4 38.1 174 176 176
144.9 -217.6 91.8 172 174 174
137.0 -202.8 85.6 172 174 174
54.1 -71.7 30.3 174 176 176
55.2 -72.3 30.5 174 174 174
55.6 -71.8 30.3 174 174 174
53.8 -33.3 14.0 219 219 219
28.6 -80.4 34.3 166 169 168
44.2 -81.3 34.6 173 175 175
43.6 -78.8 33.6 170 172 172
44.8 -79.5 33.9 180 180 180
47.0 -82.0 35.0 182 182 182
46.7 -80.1 34.1 173 175 175
53.6 -87.4 37.2 173 175 175
166.7 -248.0 105.7 179 179 179
147.0 -215.5 91.8 172 174 174
174.6 -252.2 107.5 172 174 174
180.1 -256.6 109.3 175 177 177
181.6 -255.1 108.7 173 175 175
54.2 -72.2 30.8 174 176 176
57.2 -73.2 31.2 175 177 177
46.3 -28.7 12.2 215 215 215
46.5 -28.6 12.2 217 217 217
-6.9 -24.5 10.6 142 144 143
-6.7 -24.5 10.6 140 142 141
-6.4 -24.5 10.6 141 141 141
-6.2 -24.5 10.6 139 139 139
-0.8 -24.6 10.6 153 153 153
41.3 -73.9 31.8 200 200 200
41.0 -72.0 31.0 200 200 200
44.0 -74.7 32.2 200 200 200
45.0 -75.1 32.3 200 200 200
45.4 -74.5 32.1 200 200 200
46.0 -74.4 32.0 204 204 204
46.9 -74.5 32.1 194 194 194
169.4 -257.0 110.6 194 194 194
168.0 -251.1 108.1 194 194 194
155.4 -228.9 98.5 198 198 198
142.2 -206.3 88.8 198 198 198
135.3 -193.6 83.3 205 205 205
177.1 -249.7 107.5 203 203 203
173.6 -241.5 103.9 199 199 199
55.7 -69.8 30.0 203 203 203
66.8 -46.1 19.8 103 102 100
45.3 -27.8 12.0 211 211 211
45.1 -27.5 11.8 217 217 217
45.2 -27.4 11.8 217 217 217
40.3 -71.3 31.0 204 204 204
39.8 -69.2 30.1 204 204 204
54.3 -92.8 40.3 204 204 204
44.8 -71.7 31.2 204 204 204
45.5 -71.7 31.2 204 204 204
44.9 -69.6 30.3 204 204 204
164.6 -247.2 107.5 200 200 200
155.6 -230.2 100.1 200 200 200
147.7 -215.4 93.6 205 205 205
138.3 -198.6 86.4 205 205 205
131.9 -186.7 81.2 205 205 205
166.6 -232.6 101.2 205 205 205
162.1 -223.1 97.0 206 206 206
147.0 -199.6 86.8 203 203 203
54.9 -68.0 29.6 205 205 205
63.6 -43.1 18.7 103 102 100
39.1 -23.8 10.3 176 176 176
38.9 -23.5 10.2 215 215 215
39.1 -23.4 10.2 217 217 217
44.1 -78.7 34.6 207 207 207
42.8 -75.0 33.0 207 207 207
48.5 -82.0 36.0 207 207 207
49.6 -81.1 35.6 207 207 207
48.1 -77.3 34.0 207 207 207
145.6 -210.1 92.3 205 205 205
134.6 -191.4 84.1 205 205 205
126.9 -178.0 78.2 205 205 205
153.5 -212.1 93.2 205 205 205
151.2 -206.1 90.5 209 209 209
143.7 -193.1 84.8 206 206 206
27.2 -36.1 15.9 206 206 206
55.3 -67.8 29.8 208 208 208
61.6 -41.3 18.2 103 102 100
59.8 -39.9 17.5 103 102 100
38.4 -22.9 10.1 217 217 217
43.6 -77.1 34.2 207 207 207
43.0 -74.6 33.1 207 207 207
48.0 -80.4 35.7 207 207 207
46.9 -77.2 34.3 207 207 207
48.6 -78.6 34.9 207 207 207
47.8 -76.1 33.8 207 207 207
47.8 -74.9 33.2 207 207 207
48.7 -75.0 33.3 207 207 207
44.4 -66.4 29.5 207 207 207
140.8 -201.1 89.2 205 205 205
128.3 -180.6 80.2 205 205 205
124.4 -172.6 76.6 205 205 205
145.6 -199.2 88.4 205 205 205
141.1 -190.3 84.4 206 206 206
136.9 -182.2 80.8 206 206 206
28.2 -36.1 16.0 207 207 207
28.7 -36.2 16.1 207 207 207
29.0 -36.1 16.0 208 208 208
63.8 -42.7 18.9 107 107 107
61.9 -41.1 18.3 107 107 107
59.8 -39.5 17.5 105 105 105
42.7 -74.7 33.5 206 206 206
41.5 -71.3 32.0 208 208 208
46.0 -74.9 33.6 206 206 206
47.0 -75.3 33.8 206 206 206
46.5 -73.2 32.8 206 206 206
46.7 -72.5 32.5 206 206 206
46.6 -71.1 31.9 206 206 206
45.3 -68.0 30.5 207 207 207
44.9 -66.4 29.8 207 207 207
128.9 -179.5 80.5 207 207 207
122.4 -168.1 75.4 208 208 208
27.3 -35.4 15.9 209 209 209
27.2 -34.9 15.6 206 206 206
27.9 -35.3 15.8 207 207 207
28.4 -35.5 15.9 207 207 207
28.7 -35.3 15.8 207 207 207
40.1 -68.2 30.9 208 208 208
38.4 -64.1 29.1 208 208 208
49.6 -81.4 36.9 208 208 208
44.9 -70.0 31.7 208 208 208
45.3 -69.6 31.5 206 206 206
45.5 -68.7 31.1 206 206 206
44.4 -65.9 29.9 206 206 206
44.6 -65.2 29.6 206 206 206
45.0 -64.9 29.4 206 206 206
26.9 -34.1 15.5 208 208 208
27.5 -34.4 15.6 208 208 208
28.0 -34.6 15.7 206 206 206
28.3 -34.4 15.6 206 206 206
28.4 -34.1 15.5 207 207 207
40.9 -68.8 31.5 207 207 207
38.4 -63.4 29.0 207 207 207
50.0 -81.2 37.2 207 207 207
44.8 -69.2 31.7 207 207 207
45.3 -68.7 31.5 207 207 207
45.7 -68.3 31.3 207 207 207
44.2 -64.9 29.7 207 207 207
44.3 -64.1 29.4 205 205 205
44.8 -63.8 29.2 207 207 207
27.8 -34.4 15.7 208 208 208
28.0 -34.3 15.7 206 206 206
28.3 -34.2 15.7 206 206 206
28.5 -34.0 15.6 206 206 206
40.5 -67.3 31.2 207 207 207
38.2 -62.4 28.9 207 207 207
44.5 -70.2 32.5 207 207 207
44.5 -69.0 32.0 207 207 207
44.7 -68.2 31.6 207 207 207
45.2 -67.9 31.4 207 207 207
45.4 -67.1 31.1 207 207 207
44.2 -64.3 29.7 207 207 207
43.9 -63.0 29.1 207 207 207
44.5 -62.8 29.1 207 207 207
45.1 -62.7 29.0 207 207 207
28.0 -34.3 15.9 207 207 207
28.2 -34.1 15.8 207 207 207
28.4 -33.9 15.7 208 208 208
28.8 -33.9 15.7 205 205 205
-20.5 -23.2 10.8 103 103 103
-19.8 -22.8 10.7 103 103 103
-19.0 -23.2 10.9 106 106 106
-18.7 -23.2 10.9 106 108 108
-18.5 -23.3 10.9 106 108 108
-18.2 -23.2 10.9 106 108 108
-16.4 -23.2 10.8 117 117 117
-9.6 -23.2 10.8 138 140 139
-9.4 -23.2 10.9 139 138 137
-9.1 -23.2 10.9 141 141 141
-8.9 -23.2 10.9 140 142 141
-6.1 -23.3 10.9 157 160 159
-5.8 -23.2 10.9 162 162 162
-5.1 -23.3 10.9 163 166 165
-3.3 -23.3 10.9 169 169 169
-3.1 -23.2 10.9 170 172 172
-2.8 -23.2 10.9 170 172 172
-2.1 -23.2 10.9 172 174 174
-1.8 -23.2 10.9 176 176 176
-1.5 -23.2 10.9 176 176 176
-1.3 -23.2 10.9 176 176 176
-0.0 -23.2 10.9 181 181 181
0.2 -23.2 10.9 181 181 181
0.5 -23.2 10.9 178 178 178
0.7 -23.2 10.9 180 180 180
1.0 -23.2 10.9 180 180 180
1.2 -23.2 10.9 180 180 180
1.5 -23.2 10.9 182 182 182
1.7 -23.2 10.9 182 182 182
4.8 -23.3 10.9 186 186 186
5.0 -23.2 10.9 200 200 200
9.6 -23.2 10.9 209 209 209
9.8 -23.2 10.8 209 209 209
10.1 -23.2 10.9 209 209 209
10.3 -23.2 10.8 206 206 206
10.6 -23.2 10.8 206 206 206
10.8 -23.2 10.9 206 206 206
11.1 -23.2 10.8 206 206 206
40.0 -65.8 30.8 209 209 209
38.0 -61.4 28.7 209 209 209
45.4 -70.9 33.2 206 206 206
44.7 -66.4 31.1 206 206 206
45.2 -66.2 31.0 206 206 206
44.3 -63.8 29.8 206 206 206
43.8 -62.1 29.1 206 206 206
44.3 -61.8 28.9 206 206 206
44.5 -61.2 28.6 206 206 206
28.1 -34.1 15.9 206 206 206
28.4 -34.0 15.9 207 207 207
28.5 -33.6 15.7 207 207 207
28.8 -33.6 15.7 207 207 207
-30.8 -23.1 10.9 46 46 44
-30.6 -23.2 11.0 48 48 48
-30.4 -23.2 11.0 48 48 48
-30.1 -23.2 11.0 48 48 48
-29.9 -23.2 11.0 51 51 51
-29.6 -23.2 11.0 48 48 48
-29.3 -23.2 11.0 48 48 48
-29.1 -23.2 11.0 51 51 51
-28.8 -23.2 11.0 51 51 51
-28.6 -23.2 11.0 48 48 48
-28.3 -23.2 11.0 48 48 48
-28.1 -23.2 11.0 48 48 48
-27.8 -23.2 11.0 48 48 48
-27.6 -23.2 11.0 48 48 48
-27.3 -23.2 11.0 46 46 44
-27.0 -23.2 11.0 46 46 44
-23.3 -23.3 11.0 38 38 38
-23.0 -23.2 11.0 39 39 39
-22.7 -23.2 11.0 43 43 43
-22.6 -23.3 11.0 43 43 43
-22.3 -23.3 11.0 46 46 44
-21.5 -23.3 11.0 68 68 68
-21.2 -23.2 11.0 86 88 88
-21.0 -23.3 11.0 88 90 89
-20.6 -23.1 10.9 94 94 94
-20.3 -23.0 10.9 96 99 98
-19.8 -23.3 11.0 102 102 102
-19.4 -23.2 11.0 104 104 104
-19.1 -23.2 11.0 104 104 104
-18.9 -23.2 11.0 105 105 105
-18.7 -23.2 11.0 105 105 105
-18.4 -23.2 11.0 105 105 105
-18.0 -23.1 10.9 108 110 110
-16.6 -23.1 10.9 113 114 113
-16.3 -23.1 10.9 115 115 115
-16.2 -23.3 11.0 116 116 116
-15.9 -23.3 11.0 116 116 116
-9.9 -23.1 10.9 134 134 134
-9.7 -23.1 10.9 133 133 133
-9.5 -23.2 11.0 134 137 136
-9.2 -23.2 11.0 134 136 135
-8.9 -23.1 10.9 137 137 137
-8.7 -23.3 11.0 140 142 141
-8.4 -23.2 11.0 144 144 144
-6.1 -23.2 11.0 166 166 166
-5.9 -23.1 10.9 166 169 168
-3.1 -23.2 11.0 182 182 182
-2.8 -23.2 11.0 181 181 181
-2.6 -23.2 11.0 181 181 181
-2.3 -23.2 11.0 178 178 178
-1.8 -23.2 11.0 181 181 181
-1.6 -23.2 11.0 181 181 181
-0.5 -23.3 11.0 180 180 180
-0.0 -23.2 11.0 182 182 182
0.2 -23.2 11.0 182 182 182
0.5 -23.1 10.9 180 180 180
0.7 -23.1 10.9 182 182 182
1.0 -23.2 11.0 185 185 185
1.2 -23.2 11.0 185 185 185
1.5 -23.2 11.0 181 181 181
1.8 -23.2 11.0 181 181 181
4.8 -23.3 11.0 173 173 173
9.7 -23.2 11.0 208 208 208
9.9 -23.1 10.9 208 208 208
10.2 -23.2 11.0 208 208 208
10.4 -23.2 11.0 208 208 208
10.7 -23.2 11.0 208 208 208
10.9 -23.2 11.0 206 206 206
11.2 -23.2 11.0 206 206 206
11.4 -23.2 11.0 206 206 206
45.8 -70.8 33.5 209 209 209
46.3 -70.4 33.3 206 206 206
47.8 -71.4 33.8 206 206 206
47.6 -69.9 33.1 206 206 206
46.9 -67.8 32.1 206 206 206
44.3 -63.1 29.8 206 206 206
44.1 -61.8 29.2 206 206 206
44.4 -61.3 29.0 206 206 206
44.1 -60.0 28.4 206 206 206
52.1 -67.8 32.1 206 206 206
53.7 -68.9 32.6 207 207 207
56.7 -70.8 33.5 205 205 205
28.1 -33.7 15.9 206 206 206
28.4 -33.6 15.9 206 206 206
28.4 -33.2 15.7 206 206 206
28.6 -33.0 15.6 207 207 207
-32.3 -24.0 11.5 49 49 49
-31.8 -24.0 11.5 51 51 51
-31.5 -24.0 11.5 51 51 51
-31.2 -24.0 11.5 51 51 51
-30.7 -24.0 11.5 49 49 49
-29.9 -24.0 11.5 49 49 49
-29.1 -24.0 11.5 49 49 49
-24.3 -24.0 11.5 40 40 40
-24.0 -24.0 11.5 40 40 40
-28.4 -28.7 13.7 40 40 40
-21.8 -23.9 11.4 45 45 45
-20.6 -24.0 11.5 98 100 100
-17.0 -23.8 11.4 109 111 111
-16.7 -23.7 11.3 109 111 111
-10.4 -23.9 11.4 122 124 123
-9.3 -23.9 11.4 132 135 134
9.0 -23.9 11.5 208 208 208
11.2 -24.0 11.5 208 208 208
11.7 -24.0 11.5 208 208 208
12.0 -24.0 11.5 208 208 208
45.9 -70.1 33.5 208 208 208
46.7 -70.1 33.5 208 208 208
48.1 -71.0 34.0 208 208 208
47.9 -69.6 33.3 208 208 208
47.1 -67.4 32.2 205 205 205
44.2 -61.3 29.3 205 205 205
44.9 -61.3 29.3 205 205 205
44.9 -60.4 28.9 205 205 205
51.3 -67.0 32.1 206 206 206
52.2 -67.1 32.1 206 206 206
53.9 -68.4 32.7 206 206 206
55.9 -70.0 33.5 206 206 206
57.0 -70.4 33.7 206 206 206
28.4 -33.2 15.9 205 205 205
28.3 -32.7 15.6 206 206 206
-40.9 -30.0 14.5 52 52 52
-40.6 -30.0 14.5 52 52 52
-40.2 -30.0 14.5 52 52 52
-39.9 -30.0 14.5 49 49 49
-39.5 -30.0 14.5 49 49 49
-39.2 -30.0 14.5 49 49 49
-38.9 -30.0 14.5 52 52 52
-38.5 -30.0 14.5 52 52 52
-38.1 -29.9 14.5 52 52 52
-37.0 -29.9 14.5 52 52 52
-34.4 -30.0 14.5 45 45 45
-34.1 -30.0 14.5 45 45 45
-33.8 -30.0 14.5 45 45 45
-33.3 -29.9 14.5 42 43 42
-31.8 -30.0 14.5 45 45 45
-31.5 -30.1 14.6 42 43 42
-31.2 -30.2 14.6 42 43 42
-30.9 -30.1 14.6 43 43 43
-30.4 -30.0 14.5 41 41 41
-29.9 -29.9 14.5 41 41 41
-29.6 -29.9 14.5 41 41 41
-26.4 -30.1 14.6 88 88 88
-26.1 -30.1 14.6 91 94 93
-25.5 -29.8 14.4 91 94 93
-25.0 -30.0 14.5 97 97 97
-12.2 -30.0 14.5 111 111 111
-11.9 -30.0 14.5 116 118 117
-3.1 -30.1 14.5 191 191 191
-2.7 -30.1 14.5 188 188 188
-2.4 -30.1 14.5 188 188 188
2.7 -30.1 14.6 183 183 183
6.7 -30.1 14.5 205 205 205
7.7 -29.9 14.5 207 207 207
8.7 -30.0 14.5 207 207 207
9.1 -30.0 14.5 207 207 207
9.4 -30.0 14.5 207 207 207
10.1 -30.1 14.6 207 207 207
10.4 -30.1 14.6 207 207 207
10.8 -30.0 14.5 207 207 207
11.1 -30.0 14.5 207 207 207
11.4 -30.0 14.5 207 207 207
11.8 -30.0 14.5 207 207 207
12.1 -29.9 14.5 207 207 207
12.4 -29.9 14.5 207 207 207
12.7 -29.9 14.5 207 207 207
13.1 -29.9 14.5 207 207 207
13.5 -30.0 14.5 207 207 207
13.8 -30.0 14.5 207 207 207
14.1 -30.0 14.5 207 207 207
14.4 -29.9 14.5 207 207 207
14.8 -29.9 14.5 207 207 207
15.2 -30.0 14.5 207 207 207
15.5 -30.1 14.6 207 207 207
15.8 -30.0 14.5 207 207 207
45.3 -68.5 33.1 207 207 207
47.2 -67.9 32.8 207 207 207
43.9 -61.1 29.6 208 208 208
44.1 -60.4 29.2 205 205 205
45.0 -60.7 29.4 205 205 205
44.5 -59.2 28.6 205 205 205
42.8 -56.0 27.1 205 205 205
53.5 -67.1 32.4 205 205 205
28.5 -32.5 15.7 205 205 205
28.2 -31.8 15.4 205 205 205
27.7 -30.8 14.9 205 205 205
27.2 -29.9 14.5 206 206 206
27.4 -29.8 14.4 206 206 206
-40.9 -29.7 14.5 53 52 52
-40.6 -29.7 14.5 53 52 52
-40.3 -29.7 14.5 53 52 52
-39.9 -29.7 14.5 50 50 50
-39.6 -29.7 14.5 53 52 52
-39.2 -29.7 14.5 55 55 55
-38.9 -29.7 14.5 55 55 55
-38.6 -29.7 14.5 53 52 52
-38.2 -29.7 14.5 55 55 55
-37.8 -29.7 14.5 55 55 55
-37.5 -29.7 14.5 55 55 55
-37.2 -29.7 14.5 55 55 55
-36.9 -29.7 14.5 55 55 55
-36.6 -29.7 14.6 53 52 52
-36.2 -29.7 14.5 49 48 47
-35.8 -29.7 14.5 49 48 47
-35.6 -29.8 14.6 49 48 47
-35.3 -29.8 14.6 49 48 47
-34.9 -29.7 14.5 46 46 46
-34.5 -29.7 14.5 46 46 46
-34.2 -29.7 14.5 46 46 46
-33.8 -29.7 14.5 46 46 46
-33.4 -29.7 14.5 46 46 46
-33.2 -29.7 14.5 46 46 46
-32.8 -29.7 14.5 46 46 46
-32.5 -29.7 14.5 46 46 46
-32.1 -29.7 14.5 46 46 46
-31.8 -29.7 14.5 46 46 46
-31.5 -29.8 14.6 43 43 43
-31.2 -29.8 14.6 44 44 44
-30.9 -29.8 14.6 44 44 44
-30.5 -29.7 14.6 44 44 44
-30.1 -29.7 14.5 42 42 42
-29.7 -29.7 14.5 44 44 44
-29.4 -29.7 14.5 44 44 44
-29.1 -29.7 14.5 42 42 42
-28.2 -29.8 14.6 42 43 42
-27.8 -29.8 14.6 42 43 42
-27.5 -29.8 14.6 42 43 42
-27.1 -29.7 14.5 47 47 47
-26.8 -29.8 14.6 47 47 47
-26.5 -29.8 14.6 47 47 47
-26.1 -29.8 14.6 51 51 51
-25.6 -29.6 14.5 78 78 78
-25.4 -29.7 14.5 91 94 93
-25.1 -29.7 14.6 91 94 93
-15.3 -29.8 14.6 103 103 103
-14.8 -29.5 14.5 108 108 108
-14.4 -29.5 14.4 82 82 82
-14.1 -29.4 14.4 72 72 72
-13.9 -29.7 14.5 71 70 69
-13.6 -29.8 14.6 60 60 60
-12.5 -29.7 14.5 19 23 20
-12.2 -29.7 14.6 18 22 19
-11.9 -29.7 14.5 29 29 27
-11.6 -29.8 14.6 99 101 101
-11.2 -29.8 14.6 179 182 181
-10.9 -29.8 14.6 177 180 179
-4.8 -29.7 14.6 198 198 198
-4.4 -29.7 14.5 198 198 198
-4.1 -29.7 14.5 195 195 195
-3.4 -29.7 14.6 192 192 192
-3.1 -29.7 14.6 192 192 192
-2.8 -29.8 14.6 195 195 195
-2.4 -29.8 14.6 195 195 195
-2.1 -29.7 14.5 192 192 192
-1.7 -29.7 14.5 192 192 192
-1.4 -29.7 14.5 192 192 192
-1.1 -29.7 14.5 189 189 189
-0.7 -29.6 14.5 189 189 189
-0.4 -29.7 14.5 189 189 189
0.6 -29.7 14.5 185 185 185
1.0 -29.8 14.6 183 183 183
1.3 -29.7 14.5 185 185 185
1.6 -29.7 14.5 185 185 185
2.0 -29.7 14.6 185 185 185
2.3 -29.8 14.6 182 182 182
2.7 -29.7 14.6 182 182 182
6.4 -29.8 14.6 178 178 178
6.7 -29.8 14.6 204 204 204
7.1 -29.7 14.6 207 207 207
7.4 -29.7 14.5 204 204 204
7.7 -29.7 14.5 207 207 207
8.1 -29.7 14.5 207 207 207
8.4 -29.7 14.5 207 207 207
8.7 -29.7 14.5 207 207 207
9.1 -29.7 14.5 207 207 207
9.4 -29.7 14.5 207 207 207
9.8 -29.8 14.6 207 207 207
10.1 -29.8 14.6 207 207 207
10.4 -29.8 14.6 207 207 207
10.8 -29.7 14.6 210 210 210
11.1 -29.7 14.5 207 207 207
11.5 -29.7 14.6 207 207 207
11.8 -29.7 14.6 207 207 207
12.1 -29.7 14.5 207 207 207
12.5 -29.7 14.5 207 207 207
12.8 -29.7 14.5 207 207 207
13.1 -29.7 14.5 207 207 207
13.5 -29.7 14.6 207 207 207
13.8 -29.7 14.5 207 207 207
14.2 -29.7 14.5 207 207 207
14.5 -29.7 14.5 207 207 207
14.8 -29.7 14.5 207 207 207
15.2 -29.7 14.6 207 207 207
15.6 -29.8 14.6 207 207 207
15.9 -29.7 14.6 207 207 207
16.2 -29.7 14.6 207 207 207
16.5 -29.7 14.5 207 207 207
16.9 -29.7 14.6 207 207 207
17.2 -29.7 14.6 207 207 207
17.5 -29.7 14.5 207 207 207
17.9 -29.7 14.6 207 207 207
18.2 -29.7 14.6 207 207 207
18.6 -29.7 14.6 207 207 207
43.7 -60.2 29.5 207 207 207
43.7 -59.2 29.0 207 207 207
44.9 -60.0 29.3 207 207 207
44.5 -58.6 28.7 207 207 207
43.4 -56.2 27.5 207 207 207
28.6 -32.3 15.8 209 209 209
27.4 -30.1 14.7 205 205 205
27.3 -29.7 14.5 205 205 205
27.5 -29.6 14.5 205 205 205
-41.3 -29.6 14.7 53 53 53
-34.5 -29.9 14.8 47 47 47
-33.6 -31.0 15.4 47 47 47
-33.1 -30.9 15.3 47 47 47
-32.7 -30.9 15.3 47 48 47
-32.4 -30.9 15.3 45 45 45
-31.0 -29.9 14.8 45 45 45
-30.6 -29.9 14.8 45 45 45
-27.5 -29.9 14.8 42 42 42
-27.9 -31.0 15.4 42 42 42
-26.6 -30.0 14.8 46 46 46
-26.1 -29.9 14.8 46 46 46
-16.4 -31.0 15.3 19 23 20
-15.1 -29.8 14.8 20 23 21
-14.7 -29.7 14.7 29 30 28
-14.5 -29.8 14.8 29 30 28
-14.1 -29.9 14.8 27 27 27
-13.8 -30.0 14.8 27 29 27
8.5 -29.6 14.6 206 206 206
11.0 -29.9 14.8 206 206 206
11.2 -29.6 14.6 206 206 206
12.9 -29.6 14.6 206 206 206
43.8 -59.6 29.5 206 206 206
43.7 -58.5 29.0 206 206 206
44.9 -59.3 29.3 206 206 206
44.9 -58.4 28.9 207 207 207
50.6 -61.3 30.3 207 207 207
27.4 -29.8 14.7 206 206 206
27.4 -29.5 14.6 206 206 206
27.6 -29.3 14.5 206 206 206
-43.4 -30.8 15.4 53 53 53
-43.4 -31.0 15.5 53 53 53
-42.9 -31.0 15.5 53 53 53
-42.5 -30.9 15.5 56 56 56
-42.2 -31.0 15.5 53 53 53
-41.9 -31.0 15.5 58 59 57
-41.5 -31.0 15.5 58 59 57
-41.0 -30.9 15.5 58 59 57
-40.8 -31.0 15.5 56 56 56
-39.7 -30.9 15.5 57 57 57
-39.3 -30.9 15.5 57 57 57
-35.8 -31.1 15.6 47 48 47
-35.3 -30.9 15.5 47 48 47
-35.0 -31.0 15.5 47 48 47
-34.6 -30.9 15.5 45 45 45
-34.7 -31.3 15.7 47 48 47
-34.2 -31.2 15.6 47 48 47
-33.3 -30.8 15.4 48 48 48
-33.1 -30.8 15.4 48 48 48
-32.8 -31.0 15.5 46 46 46
-32.6 -31.5 15.8 46 46 46
-31.8 -31.1 15.5 48 48 48
-31.8 -31.4 15.7 46 46 46
-30.5 -31.5 15.8 44 44 44
-29.7 -31.1 15.6 44 44 44
-29.0 -30.7 15.4 40 40 40
-28.2 -31.0 15.5 41 41 41
-27.5 -30.7 15.4 41 41 41
-27.5 -31.1 15.6 43 43 43
-27.5 -31.5 15.8 45 45 45
-26.7 -31.0 15.5 47 48 47
-25.2 -30.9 15.5 96 96 96
-16.6 -31.0 15.5 27 27 27
-16.2 -30.9 15.5 27 27 27
-15.7 -30.5 15.3 26 26 26
-15.4 -30.7 15.4 26 26 26
-14.8 -30.9 15.5 27 27 27
9.6 -23.8 11.9 206 206 206
9.9 -23.6 11.8 206 206 206
10.5 -23.9 11.9 206 206 206
11.3 -23.8 11.9 206 206 206
11.5 -23.6 11.8 206 206 206
12.4 -23.8 11.9 206 206 206
43.7 -58.9 29.5 206 206 206
43.5 -57.6 28.8 206 206 206
44.4 -58.0 29.0 206 206 206
44.8 -57.5 28.8 206 206 206
45.6 -57.8 28.9 206 206 206
46.4 -57.1 28.6 206 206 206
46.3 -56.1 28.1 207 207 207
50.4 -60.3 30.2 207 207 207
51.4 -60.7 30.4 204 204 204
27.7 -29.4 14.7 205 205 205
27.8 -29.2 14.6 206 206 206
-44.2 -31.0 15.7 54 54 54
-29.7 -23.3 11.8 58 58 58
-35.5 -30.8 15.6 48 48 48
-35.5 -31.0 15.7 48 48 48
-35.1 -31.0 15.7 48 48 48
-34.9 -31.1 15.8 48 48 48
-34.5 -31.1 15.8 49 49 49
-33.7 -30.7 15.6 49 49 49
-33.6 -31.0 15.7 47 47 47
-33.2 -31.0 15.7 47 47 47
-32.6 -31.1 15.7 47 47 47
-32.2 -31.0 15.7 47 47 47
-31.9 -31.1 15.7 47 48 47
-23.7 -23.3 11.8 47 48 47
-23.4 -23.6 11.9 45 45 45
-22.8 -23.3 11.8 43 43 43
-30.0 -31.0 15.7 43 43 43
-28.4 -30.8 15.6 41 40 38
-27.5 -31.1 15.8 41 41 39
-19.3 -23.4 11.8 43 43 43
-18.9 -23.2 11.7 47 48 47
-18.7 -23.3 11.8 98 98 98
-18.4 -23.3 11.8 78 78 78
-18.1 -23.2 11.7 67 68 66
-17.8 -23.2 11.7 58 59 59
-16.5 -31.0 15.7 27 27 27
-15.7 -30.3 15.4 27 27 27
-10.5 -22.9 11.6 29 30 28
-10.2 -23.3 11.8 31 31 31
-10.0 -23.4 11.9 34 34 34
-9.5 -23.1 11.7 37 38 37
-8.5 -23.2 11.7 184 187 186
-1.9 -23.2 11.7 199 199 199
-1.7 -23.2 11.7 196 196 196
0.2 -23.2 11.7 196 196 196
0.5 -23.1 11.7 196 196 196
0.8 -23.2 11.7 196 196 196
1.9 -23.4 11.8 191 191 191
2.7 -23.4 11.8 188 188 188
3.0 -23.1 11.7 188 188 188
7.2 -23.5 11.9 208 208 208
7.4 -23.3 11.8 208 208 208
7.6 -23.2 11.7 208 208 208
7.9 -23.2 11.7 208 208 208
8.2 -23.2 11.7 208 208 208
8.4 -23.2 11.8 208 208 208
8.7 -23.2 11.7 208 208 208
9.0 -23.2 11.7 208 208 208
9.2 -23.2 11.7 205 205 205
9.6 -23.3 11.8 208 208 208
9.8 -23.2 11.7 208 208 208
10.1 -23.2 11.7 208 208 208
10.3 -23.2 11.7 205 205 205
10.6 -23.2 11.7 205 205 205
10.9 -23.2 11.7 205 205 205
11.2 -23.2 11.8 205 205 205
11.4 -23.2 11.7 205 205 205
11.7 -23.2 11.7 205 205 205
12.0 -23.2 11.7 205 205 205
12.5 -23.6 11.9 205 205 205
12.6 -23.2 11.8 205 205 205
12.8 -23.3 11.8 205 205 205
13.1 -23.2 11.7 205 205 205
13.3 -23.1 11.7 205 205 205
42.6 -55.7 28.2 205 205 205
43.9 -56.6 28.7 205 205 205
42.9 -54.5 27.6 205 205 205
42.7 -53.4 27.1 206 206 206
44.0 -54.2 27.5 206 206 206
44.5 -54.1 27.4 206 206 206
44.6 -53.5 27.1 206 206 206
50.0 -59.1 29.9 206 206 206
51.5 -60.0 30.4 206 206 206
27.8 -29.2 14.8 205 205 205
27.5 -28.5 14.5 205 205 205
-33.9 -23.5 12.0 57 57 57
-33.0 -23.7 12.1 59 61 59
-32.8 -23.7 12.1 59 61 59
-31.3 -23.7 12.1 59 61 59
-30.7 -23.6 12.1 58 58 58
-30.4 -23.6 12.1 58 58 58
-30.1 -23.6 12.1 53 53 53
-29.9 -23.6 12.1 53 53 53
-28.3 -23.7 12.1 52 52 50
-28.5 -24.1 12.4 49 49 49
-27.6 -23.6 12.1 49 49 49
-27.3 -23.6 12.1 52 52 50
-27.1 -23.6 12.1 54 54 54
-26.8 -23.7 12.1 53 52 51
-26.7 -23.8 12.2 50 50 50
-26.3 -23.8 12.2 47 48 47
-25.9 -23.6 12.1 47 48 47
-25.6 -23.6 12.1 47 48 47
-25.4 -23.6 12.1 50 50 50
-25.1 -23.6 12.1 50 50 50
-24.9 -23.8 12.2 48 48 48
-24.5 -23.6 12.1 48 48 48
-24.2 -23.6 12.1 48 48 48
-24.6 -24.3 12.5 46 46 46
-23.7 -23.7 12.1 44 44 44
-23.3 -23.5 12.1 47 47 47
-23.1 -23.6 12.1 44 44 44
-21.8 -23.7 12.1 42 42 40
-21.5 -23.7 12.2 42 42 40
-21.2 -23.7 12.1 42 42 40
-20.9 -23.7 12.1 42 42 40
-20.6 -23.7 12.1 43 42 41
-20.1 -24.0 12.3 41 41 41
-18.9 -23.6 12.1 19 19 19
-18.9 -24.0 12.3 20 20 20
-18.3 -23.6 12.1 20 20 20
-18.0 -24.0 12.3 20 20 20
-16.8 -31.2 16.0 29 29 29
-11.4 -23.8 12.2 29 30 28
-10.7 -23.6 12.1 32 32 32
-10.4 -23.6 12.1 33 33 33
-10.2 -23.6 12.1 35 37 36
-9.3 -23.7 12.1 186 188 187
-9.0 -23.6 12.1 184 187 186
-8.7 -23.6 12.1 184 187 186
1.7 -23.6 12.1 193 193 193
1.9 -23.6 12.1 193 193 193
2.5 -24.0 12.3 193 193 193
7.6 -23.7 12.2 208 208 208
8.1 -23.7 12.1 208 208 208
8.4 -23.7 12.2 208 208 208
8.7 -23.7 12.1 208 208 208
9.0 -23.6 12.1 208 208 208
9.9 -23.7 12.2 208 208 208
10.1 -23.6 12.1 208 208 208
10.4 -23.7 12.1 207 207 207
10.7 -23.7 12.2 205 205 205
11.2 -24.3 12.4 205 205 205
11.5 -24.3 12.4 205 205 205
11.5 -23.7 12.1 207 207 207
11.8 -23.6 12.1 205 205 205
12.1 -23.7 12.1 205 205 205
13.0 -23.7 12.1 205 205 205
13.2 -23.7 12.1 205 205 205
13.4 -23.6 12.1 205 205 205
14.4 -23.7 12.1 205 205 205
15.5 -23.7 12.2 207 207 207
43.7 -57.4 29.4 205 205 205
43.6 -56.4 28.9 205 205 205
44.4 -56.5 29.0 205 205 205
43.8 -54.9 28.1 205 205 205
42.5 -52.5 26.9 205 205 205
44.9 -54.0 27.7 205 205 205
44.9 -53.2 27.3 205 205 205
50.2 -58.7 30.1 206 206 206
51.3 -59.1 30.3 206 206 206
27.4 -28.1 14.4 204 204 204
27.4 -27.8 14.2 203 203 203
-35.4 -24.2 12.6 59 61 59
-35.1 -24.2 12.6 58 58 58
-34.8 -24.2 12.6 58 58 58
-34.5 -24.2 12.6 56 56 56
-34.2 -24.2 12.6 58 59 59
-33.9 -24.2 12.6 60 62 60
-33.7 -24.2 12.6 60 62 60
-33.4 -24.2 12.6 60 62 60
-33.1 -24.2 12.6 60 62 60
-32.8 -24.3 12.6 60 62 60
-32.5 -24.2 12.6 60 62 60
-32.2 -24.3 12.6 60 62 60
-31.9 -24.2 12.6 58 59 59
-31.6 -24.2 12.6 58 59 59
-31.3 -24.2 12.6 57 57 57
-31.0 -24.2 12.6 57 57 57
-30.7 -24.2 12.6 57 57 57
-30.4 -24.2 12.6 54 54 54
-30.1 -24.2 12.6 53 52 51
-29.8 -24.2 12.6 53 52 51
-29.6 -24.2 12.6 53 52 51
-29.3 -24.2 12.6 53 52 51
-29.0 -24.2 12.6 53 52 51
-28.7 -24.2 12.6 50 50 50
-28.4 -24.2 12.6 50 50 50
-28.1 -24.3 12.6 53 52 51
-27.8 -24.3 12.6 51 51 51
-27.5 -24.2 12.6 51 51 51
-27.2 -24.2 12.6 51 51 51
-26.9 -24.2 12.6 51 51 51
-26.6 -24.2 12.6 51 51 51
-26.3 -24.2 12.6 51 51 51
-26.1 -24.3 12.6 51 51 51
-25.8 -24.2 12.6 49 49 49
-25.5 -24.2 12.6 49 49 49
-25.3 -24.3 12.6 49 49 49
-24.9 -24.3 12.6 49 49 49
-24.5 -24.2 12.5 45 45 45
-24.3 -24.2 12.6 45 45 45
-24.0 -24.2 12.6 42 43 42
-23.7 -24.2 12.6 43 43 43
-23.4 -24.2 12.6 43 43 43
-23.2 -24.3 12.6 43 43 43
-22.9 -24.3 12.6 43 43 43
-22.6 -24.3 12.6 43 42 41
-22.2 -24.2 12.6 43 42 41
-22.0 -24.2 12.6 41 41 41
-21.7 -24.3 12.6 41 41 41
-21.4 -24.3 12.6 41 41 41
-21.1 -24.3 12.6 41 41 41
-20.8 -24.2 12.6 40 42 42
-20.5 -24.2 12.6 40 42 42
-20.2 -24.2 12.6 40 40 40
-19.9 -24.2 12.6 30 29 29
-19.6 -24.2 12.6 20 20 20
-19.3 -24.2 12.6 17 17 17
-19.0 -24.2 12.6 17 17 17
-18.7 -24.2 12.6 17 17 17
-18.4 -24.2 12.6 19 19 19
-12.9 -24.3 12.6 30 29 29
-12.6 -24.3 12.6 29 29 29
-12.3 -24.2 12.6 29 29 29
-12.0 -24.2 12.6 29 29 29
-11.7 -24.1 12.5 28 28 28
-11.4 -24.2 12.6 28 28 28
-11.0 -24.0 12.4 29 30 28
-10.8 -24.2 12.5 31 30 29
-10.5 -24.1 12.5 35 37 36
-10.3 -24.2 12.6 42 42 42
-10.0 -24.3 12.6 174 174 174
-9.7 -24.2 12.6 186 188 187
-9.3 -24.0 12.5 183 186 185
-4.1 -24.3 12.6 210 213 212
-3.8 -24.3 12.6 210 213 212
-3.5 -24.3 12.6 210 213 212
-3.3 -24.3 12.6 210 213 212
-3.0 -24.2 12.6 207 210 209
-2.7 -24.2 12.6 207 210 209
-2.4 -24.2 12.6 208 211 210
-2.1 -24.2 12.6 205 205 205
-1.8 -24.2 12.5 205 205 205
-0.9 -24.2 12.6 199 199 199
-0.6 -24.2 12.6 199 199 199
-0.3 -24.3 12.6 199 199 199
-0.0 -24.3 12.6 203 203 203
0.3 -24.2 12.6 199 199 199
0.5 -24.2 12.6 199 199 199
0.8 -24.2 12.6 200 200 200
1.1 -24.2 12.6 197 197 197
1.4 -24.2 12.6 195 195 195
1.7 -24.2 12.5 195 195 195
2.0 -24.2 12.6 195 195 195
2.3 -24.2 12.6 195 195 195
2.6 -24.2 12.5 192 192 192
2.9 -24.1 12.5 192 192 192
3.2 -24.3 12.6 189 189 189
6.4 -24.3 12.6 207 207 207
6.7 -24.3 12.6 207 207 207
7.0 -24.3 12.6 207 207 207
7.3 -24.2 12.6 207 207 207
7.6 -24.2 12.6 209 209 209
7.9 -24.3 12.6 207 207 207
8.2 -24.3 12.6 207 207 207
8.5 -24.3 12.6 207 207 207
8.7 -24.3 12.6 207 207 207
9.0 -24.2 12.6 207 207 207
9.3 -24.2 12.6 207 207 207
9.6 -24.3 12.6 207 207 207
9.9 -24.3 12.6 207 207 207
10.2 -24.2 12.6 207 207 207
10.5 -24.2 12.6 207 207 207
10.8 -24.2 12.6 207 207 207
11.1 -24.3 12.6 207 207 207
11.4 -24.3 12.6 204 204 204
11.7 -24.3 12.6 207 207 207
11.9 -24.2 12.6 207 207 207
12.2 -24.2 12.6 204 204 204
12.5 -24.2 12.6 204 204 204
12.8 -24.2 12.6 204 204 204
13.1 -24.2 12.6 204 204 204
13.4 -24.2 12.6 204 204 204
13.6 -24.1 12.5 204 204 204
14.0 -24.2 12.6 204 204 204
14.3 -24.3 12.6 207 207 207
14.6 -24.2 12.6 204 204 204
14.9 -24.2 12.6 204 204 204
15.2 -24.3 12.6 207 207 207
15.5 -24.3 12.6 207 207 207
15.8 -24.3 12.6 207 207 207
16.0 -24.2 12.6 207 207 207
16.3 -24.2 12.6 207 207 207
43.5 -56.5 29.3 204 204 204
43.3 -55.3 28.7 204 204 204
44.4 -55.9 29.0 206 206 206
43.8 -54.4 28.2 204 204 204
47.7 -57.4 29.8 204 204 204
46.1 -54.7 28.4 205 205 205
45.8 -53.6 27.8 205 205 205
49.8 -57.4 29.8 205 205 205
50.9 -58.0 30.1 205 205 205
79.9 -40.4 21.0 112 114 113
78.4 -39.4 20.5 109 111 111
-35.5 -24.0 12.6 60 62 60
-35.2 -24.0 12.6 60 62 60
-34.9 -24.0 12.6 58 59 59
-34.6 -24.0 12.6 60 62 60
-34.3 -24.0 12.6 60 62 60
-34.0 -24.0 12.6 58 59 59
-33.7 -24.0 12.6 61 63 61
-33.4 -24.0 12.6 64 64 64
-33.1 -24.0 12.6 64 64 64
-32.8 -24.0 12.6 61 63 61
-32.5 -24.0 12.6 61 63 61
-32.3 -24.0 12.6 61 63 61
-31.9 -24.0 12.6 59 59 59
-31.6 -23.9 12.6 59 59 59
-31.3 -24.0 12.6 59 59 59
-31.1 -24.0 12.6 58 58 58
-31.5 -24.6 12.9 54 53 52
-30.1 -24.0 12.6 54 53 52
-29.9 -24.0 12.6 54 53 52
-29.6 -24.0 12.6 54 53 52
-29.3 -24.0 12.6 56 56 56
-29.0 -24.0 12.6 54 53 52
-28.7 -24.0 12.6 51 51 51
-28.4 -24.0 12.6 51 51 51
-28.2 -24.1 12.6 55 54 53
-27.9 -24.1 12.6 55 54 53
-27.6 -24.0 12.6 56 56 56
-27.2 -23.9 12.6 55 54 53
-27.0 -24.0 12.6 55 54 53
-26.7 -24.0 12.6 52 52 52
-26.4 -24.0 12.6 52 52 52
-26.2 -24.1 12.7 53 52 52
-25.8 -24.0 12.6 50 50 50
-25.5 -24.0 12.6 50 50 50
-25.4 -24.2 12.7 53 52 52
-25.0 -24.1 12.7 50 50 50
-24.5 -23.9 12.6 48 48 48
-23.8 -24.7 13.0 44 44 44
-23.5 -24.6 12.9 45 45 45
-22.7 -24.2 12.7 44 43 42
-22.3 -24.0 12.6 45 45 45
-22.0 -24.0 12.6 44 43 42
-21.8 -24.1 12.7 42 42 42
-21.4 -24.0 12.6 42 42 42
-21.1 -24.0 12.6 41 43 42
-20.8 -24.0 12.6 41 43 42
-20.5 -24.0 12.6 41 43 42
-20.2 -24.0 12.6 38 38 38
-19.9 -24.0 12.6 29 29 29
-19.3 -24.0 12.6 16 16 16
-19.0 -24.0 12.6 16 16 16
-18.7 -24.0 12.6 16 16 16
-13.2 -24.0 12.6 29 29 29
-13.2 -24.5 12.9 28 28 28
-12.3 -24.0 12.6 29 29 29
-12.0 -24.0 12.6 29 29 29
-11.7 -24.0 12.6 29 29 29
-11.0 -23.7 12.4 32 31 30
-10.9 -24.0 12.6 29 30 28
-10.5 -23.8 12.5 34 34 34
-10.3 -24.1 12.6 44 44 44
-10.1 -24.2 12.7 181 181 181
-9.9 -24.4 12.8 184 187 186
-2.7 -24.0 12.6 209 212 211
7.6 -24.0 12.6 210 213 212
7.9 -24.1 12.6 209 209 209
8.2 -24.1 12.7 207 207 207
8.8 -24.0 12.6 207 207 207
9.0 -24.0 12.6 207 207 207
9.9 -24.0 12.6 207 207 207
10.2 -23.9 12.6 207 207 207
10.5 -24.0 12.6 207 207 207
10.8 -24.0 12.6 207 207 207
11.1 -24.0 12.6 206 206 206
11.4 -24.1 12.7 206 206 206
11.7 -24.0 12.6 206 206 206
12.0 -24.0 12.6 204 204 204
12.2 -24.0 12.6 204 204 204
12.5 -24.0 12.6 204 204 204
13.4 -24.0 12.6 204 204 204
13.7 -23.9 12.6 204 204 204
14.4 -24.1 12.6 206 206 206
14.6 -24.0 12.6 206 206 206
14.9 -24.0 12.6 206 206 206
15.2 -24.0 12.6 206 206 206
15.5 -24.1 12.6 206 206 206
15.9 -24.1 12.7 206 206 206
16.0 -23.9 12.6 206 206 206
16.3 -24.0 12.6 206 206 206
37.6 -52.4 27.5 206 206 206
37.6 -51.4 27.0 206 206 206
43.7 -56.0 29.4 206 206 206
44.0 -54.8 28.7 206 206 206
43.1 -52.8 27.7 206 206 206
42.6 -51.5 27.0 206 206 206
45.6 -53.5 28.1 204 204 204
45.1 -52.1 27.4 204 204 204
49.0 -55.9 29.3 204 204 204
48.0 -53.2 27.9 205 205 205
153.1 -167.6 88.0 205 205 205
27.8 -27.8 14.6 203 203 203
79.9 -39.9 21.0 111 113 112
77.9 -38.7 20.3 108 110 110
-36.6 -24.5 13.0 61 63 61
-36.3 -24.5 13.0 65 65 65
-36.0 -24.5 13.0 61 63 61
-35.7 -24.5 13.0 61 63 61
-35.4 -24.5 13.0 61 63 61
-35.1 -24.5 13.0 61 63 61
-34.8 -24.5 13.0 65 65 65
-34.5 -24.5 13.0 65 65 65
-34.2 -24.5 13.0 65 65 65
-33.9 -24.5 13.0 62 64 61
-33.6 -24.4 13.0 62 64 61
-33.3 -24.5 13.0 62 64 61
-33.0 -24.4 13.0 62 64 61
-32.7 -24.4 13.0 62 64 61
-32.3 -24.4 13.0 60 60 60
-32.0 -24.4 13.0 60 60 60
-31.8 -24.5 13.0 56 56 56
-31.4 -24.4 13.0 56 56 56
-31.1 -24.4 13.0 55 54 53
-30.8 -24.4 13.0 55 54 53
-30.6 -24.5 13.0 55 54 53
-30.2 -24.4 13.0 55 54 53
-30.0 -24.5 13.0 55 54 53
-29.7 -24.5 13.0 55 54 53
-29.5 -24.5 13.0 55 54 53
-29.2 -24.6 13.1 56 55 54
-28.6 -24.4 12.9 56 55 54
-28.3 -24.4 13.0 56 55 54
-28.2 -24.5 13.0 56 55 54
-27.9 -24.5 13.0 53 52 52
-27.5 -24.4 13.0 53 52 52
-27.3 -24.5 13.0 53 53 53
-27.0 -24.5 13.0 53 53 53
-26.6 -24.5 13.0 53 53 53
-26.4 -24.5 13.0 51 51 51
-26.0 -24.5 13.0 51 51 51
-25.5 -24.3 12.9 49 49 49
-25.1 -24.4 13.0 47 48 47
-24.8 -24.5 13.0 47 48 47
-24.4 -24.6 13.1 47 48 47
-24.0 -24.6 13.1 46 46 46
-23.6 -24.5 13.0 48 48 48
-23.3 -24.4 13.0 46 46 46
-22.9 -24.6 13.1 46 45 43
-22.4 -24.4 13.0 46 45 43
-22.1 -24.4 13.0 42 43 42
-21.8 -24.5 13.0 42 44 43
-21.5 -24.4 13.0 42 44 43
-13.3 -24.4 13.0 34 33 32
-13.0 -24.4 13.0 31 32 30
-12.3 -24.2 12.9 36 37 36
-11.1 -24.1 12.8 59 60 58
-10.7 -24.0 12.8 34 34 34
-10.6 -24.3 12.9 46 46 46
-10.3 -24.4 13.0 183 183 183
37.5 -51.5 27.4 205 205 205
37.5 -50.7 26.9 205 205 205
38.6 -51.3 27.3 205 205 205
43.6 -53.5 28.4 205 205 205
42.9 -52.0 27.6 205 205 205
42.5 -50.7 26.9 206 206 206
45.4 -52.6 27.9 208 208 208
45.0 -51.4 27.3 208 208 208
49.0 -55.2 29.3 206 206 206
46.6 -51.7 27.5 206 206 206
47.3 -51.9 27.6 206 206 206
47.6 -51.5 27.4 204 204 204
31.8 -28.9 15.4 169 169 169
79.1 -39.1 20.8 111 113 112
77.9 -38.2 20.3 108 110 110
-36.1 -23.8 12.8 59 59 59
-36.0 -23.9 12.9 65 65 65
-35.6 -23.9 12.9 65 65 65
-35.3 -23.9 12.9 62 64 61
-35.1 -23.9 12.9 66 66 66
-34.8 -23.9 12.9 66 66 66
-34.4 -23.9 12.9 66 66 66
-34.1 -23.9 12.9 66 66 66
-33.9 -23.9 12.9 66 66 66
-33.6 -23.9 12.9 66 66 66
-33.2 -23.9 12.9 66 66 66
-33.0 -23.9 12.9 63 64 62
-32.6 -23.9 12.9 63 64 62
-32.0 -23.9 12.9 61 61 61
-31.7 -23.9 12.9 61 61 61
-31.4 -23.9 12.9 59 59 59
-31.1 -23.9 12.9 56 55 54
-30.8 -23.9 12.9 57 57 57
-30.5 -23.9 12.9 59 59 59
-30.3 -23.9 12.9 58 58 58
-30.0 -23.9 12.9 56 55 54
-29.6 -23.9 12.9 56 55 54
-29.3 -23.9 12.9 56 55 54
-29.1 -23.9 12.9 56 55 54
-29.0 -24.1 13.0 58 58 58
-28.4 -23.9 12.9 57 56 55
-28.1 -23.9 12.8 57 56 55
-27.9 -23.9 12.9 57 56 55
-27.6 -23.9 12.9 57 56 55
-27.2 -23.9 12.9 53 53 53
-27.0 -23.9 12.9 54 54 54
-26.7 -24.0 12.9 54 54 54
-26.4 -23.9 12.9 54 54 54
-26.1 -23.9 12.9 52 52 52
-25.8 -24.0 12.9 53 52 52
-25.4 -23.9 12.8 50 50 50
-25.1 -23.8 12.8 50 50 50
-24.8 -23.9 12.9 48 48 48
-24.7 -24.0 12.9 48 48 48
-23.8 -24.1 12.9 46 45 43
-23.4 -24.0 12.9 47 47 47
-23.1 -23.9 12.9 46 45 43
-22.7 -23.9 12.8 46 45 43
-22.7 -24.2 13.0 47 48 47
-22.2 -23.9 12.9 46 46 44
-21.9 -23.9 12.9 44 44 44
-21.7 -24.1 13.0 43 45 44
-13.2 -23.9 12.9 111 111 111
-12.6 -23.9 12.9 98 98 98
-12.3 -23.8 12.8 57 58 56
-11.4 -23.9 12.8 30 31 30
-11.1 -23.8 12.8 98 98 98
-10.7 -23.7 12.7 29 31 29
-10.5 -23.9 12.8 45 45 45
-10.2 -23.9 12.9 179 179 179
37.2 -50.6 27.2 205 205 205
37.4 -49.9 26.9 205 205 205
38.1 -50.1 26.9 205 205 205
38.6 -49.9 26.9 205 205 205
41.6 -51.2 27.6 205 205 205
43.1 -52.3 28.1 205 205 205
42.7 -51.1 27.5 205 205 205
42.4 -49.9 26.9 205 205 205
44.7 -51.8 27.9 205 205 205
45.0 -51.5 27.7 205 205 205
44.8 -50.5 27.2 205 205 205
48.1 -53.5 28.8 206 206 206
46.3 -50.8 27.3 206 206 206
47.0 -50.9 27.4 206 206 206
47.2 -50.4 27.1 204 204 204
47.7 -50.2 27.0 204 204 204
31.8 -28.9 15.6 200 200 200
32.0 -28.8 15.5 169 171 170
32.1 -28.6 15.4 181 181 181
-36.0 -23.5 12.8 66 66 66
-35.7 -23.5 12.8 66 66 66
-35.4 -23.5 12.8 66 66 66
-35.1 -23.5 12.8 66 66 66
-34.8 -23.5 12.8 66 66 66
-34.5 -23.5 12.8 67 67 67
-34.2 -23.5 12.8 67 67 67
-33.9 -23.5 12.8 67 67 67
-33.7 -23.5 12.8 67 67 67
-33.4 -23.5 12.8 67 67 67
-33.1 -23.5 12.8 63 64 62
-32.8 -23.5 12.8 64 65 63
-32.5 -23.5 12.8 64 65 63
-31.8 -23.4 12.8 64 65 63
-31.5 -23.5 12.8 64 65 63
-31.3 -23.5 12.8 62 62 62
-31.0 -23.5 12.8 58 58 58
-30.7 -23.5 12.8 58 58 58
-30.3 -23.5 12.8 58 58 58
-30.1 -23.5 12.8 58 59 59
-29.8 -23.5 12.8 57 56 55
-29.5 -23.5 12.8 58 59 59
-29.2 -23.5 12.8 57 56 55
-28.9 -23.5 12.8 57 57 55
-28.6 -23.5 12.8 57 57 55
-28.3 -23.5 12.8 57 57 55
-27.9 -23.4 12.7 57 57 55
-27.6 -23.4 12.8 57 57 55
-27.4 -23.5 12.8 57 57 55
-27.1 -23.5 12.8 58 58 56
-26.8 -23.5 12.8 58 58 56
-26.5 -23.5 12.8 55 55 55
-26.2 -23.5 12.8 55 55 55
-25.9 -23.5 12.8 53 53 53
-25.7 -23.5 12.8 56 56 56
-25.3 -23.4 12.8 53 53 53
-24.9 -23.4 12.7 51 51 51
-24.6 -23.4 12.8 52 52 52
-24.4 -23.5 12.8 49 49 49
-23.6 -23.6 12.8 47 48 47
-23.3 -23.5 12.8 47 48 47
-23.0 -23.5 12.8 46 46 44
-22.5 -23.4 12.7 47 46 45
-22.3 -23.5 12.8 47 46 45
-22.1 -23.5 12.8 44 44 44
-21.7 -23.5 12.8 43 45 45
-13.1 -23.4 12.8 85 85 85
-12.5 -23.5 12.8 22 25 23
-12.2 -23.4 12.8 42 42 42
-11.0 -23.4 12.8 77 77 77
-10.7 -23.3 12.7 29 31 29
-10.4 -23.5 12.8 52 52 52
-10.2 -23.5 12.8 183 183 183
37.0 -49.6 27.0 204 204 204
37.0 -48.8 26.6 204 204 204
41.4 -50.4 27.5 204 204 204
42.2 -49.9 27.2 204 204 204
42.0 -48.8 26.6 205 205 205
44.5 -50.3 27.4 205 205 205
44.4 -49.4 26.9 205 205 205
48.1 -52.8 28.8 205 205 205
45.8 -49.7 27.1 205 205 205
46.1 -49.3 26.9 205 205 205
46.8 -49.3 26.9 206 206 206
47.3 -49.2 26.8 206 206 206
47.3 -48.5 26.5 203 203 203
32.3 -29.3 16.0 205 205 205
32.1 -28.8 15.7 199 199 199
32.2 -28.6 15.6 167 167 167
32.6 -28.6 15.6 181 181 181
-36.2 -23.3 12.8 67 67 67
-36.2 -23.5 13.0 67 67 67
-35.9 -23.5 13.0 67 67 67
-35.6 -23.5 13.0 67 67 67
-35.3 -23.5 13.0 67 67 67
-35.0 -23.5 13.0 67 67 67
-34.7 -23.5 13.0 67 67 67
-34.4 -23.5 13.0 67 67 67
-34.1 -23.5 13.0 67 67 67
-33.8 -23.5 13.0 64 65 63
-33.5 -23.5 13.0 67 67 67
-33.2 -23.5 13.0 64 65 63
-33.0 -23.6 13.0 65 66 64
-32.5 -23.6 13.0 65 66 64
-32.1 -23.6 13.0 68 68 68
-31.7 -23.5 13.0 63 63 63
-31.4 -23.5 13.0 58 59 59
-31.0 -23.4 12.9 58 59 59
-30.7 -23.4 12.9 58 59 59
-30.5 -23.5 13.0 59 59 59
-30.2 -23.5 13.0 61 61 61
-29.9 -23.5 13.0 59 59 59
-29.6 -23.5 13.0 57 57 55
-29.3 -23.5 13.0 54 54 54
-29.1 -23.6 13.0 55 55 55
-28.5 -23.4 12.9 58 58 56
-28.1 -23.3 12.9 58 58 56
-28.1 -23.5 13.0 55 55 55
-27.8 -23.5 13.0 55 55 55
-27.4 -23.5 13.0 56 56 56
-27.2 -23.5 13.0 59 59 57
-26.9 -23.5 13.0 59 59 57
-26.6 -23.5 13.0 59 59 57
-26.3 -23.5 13.0 57 57 57
-26.0 -23.5 13.0 57 57 57
-25.4 -23.3 12.9 54 54 54
-25.0 -23.2 12.8 54 54 54
-25.2 -23.6 13.0 53 52 52
-24.0 -23.7 13.1 51 51 51
-23.6 -23.5 13.0 48 48 48
-23.2 -23.5 13.0 47 46 45
-22.7 -23.3 12.9 48 47 46
-22.7 -23.6 13.0 48 47 46
-22.3 -23.5 13.0 43 45 45
-22.0 -23.5 13.0 46 46 46
-12.9 -23.8 13.1 32 33 31
-12.3 -23.3 12.9 125 125 125
-11.0 -23.2 12.8 59 59 59
-10.7 -23.1 12.7 53 53 53
-10.5 -23.3 12.9 56 57 55
-10.2 -23.3 12.9 182 185 184
37.0 -46.6 25.7 204 204 204
42.8 -49.9 27.5 204 204 204
40.5 -46.5 25.7 204 204 204
41.0 -46.4 25.6 204 204 204
44.4 -48.8 26.9 205 205 205
46.3 -48.2 26.6 205 205 205
47.0 -48.3 26.6 205 205 205
45.9 -46.6 25.7 205 205 205
46.1 -46.1 25.5 205 205 205
32.7 -29.3 16.2 204 204 204
32.5 -28.8 15.9 204 204 204
32.6 -28.6 15.8 167 167 167
93.0 -46.2 25.5 160 163 162
87.1 -43.0 23.7 154 154 154
-38.3 -24.3 13.6 67 67 67
-38.0 -24.4 13.6 67 67 67
-37.7 -24.4 13.6 67 67 67
-37.4 -24.4 13.6 67 67 67
-37.1 -24.4 13.6 67 67 67
-36.8 -24.4 13.6 67 67 67
-36.4 -24.4 13.6 70 72 69
-36.1 -24.4 13.6 68 68 68
-35.8 -24.4 13.6 68 68 68
-35.5 -24.3 13.6 68 68 68
-35.2 -24.3 13.6 68 68 68
-34.8 -24.3 13.6 68 68 68
-34.5 -24.4 13.6 68 68 68
-32.6 -24.3 13.6 62 62 62
-32.3 -24.3 13.6 62 62 62
-32.0 -24.3 13.6 60 60 60
-31.0 -24.3 13.6 60 60 60
-30.7 -24.3 13.6 60 60 60
-30.4 -24.3 13.6 59 59 57
-30.1 -24.4 13.6 59 59 57
-29.8 -24.3 13.6 59 59 57
-29.5 -24.3 13.6 59 59 57
-29.1 -24.3 13.6 60 59 58
-28.8 -24.4 13.6 60 59 58
-28.5 -24.3 13.6 60 59 58
-28.2 -24.3 13.6 60 59 58
-27.9 -24.3 13.6 58 58 58
-27.6 -24.3 13.6 58 58 58
-24.6 -24.3 13.6 53 52 52
-24.1 -24.4 13.6 49 48 47
-23.7 -24.3 13.6 49 48 47
-13.3 -24.3 13.6 40 40 40
-10.7 -20.5 11.5 41 43 42
-10.4 -20.5 11.5 38 38 38
-11.0 -22.8 12.8 44 44 44
37.2 -46.3 25.9 203 203 203
43.3 -50.6 28.3 206 206 206
42.7 -49.1 27.5 203 203 203
40.7 -46.1 25.8 204 204 204
41.4 -46.3 25.9 206 206 206
45.0 -49.5 27.7 207 207 207
45.0 -48.9 27.3 204 204 204
46.2 -48.7 27.3 204 204 204
47.2 -48.5 27.1 205 205 205
47.3 -47.9 26.8 205 205 205
46.2 -46.2 25.8 205 205 205
46.3 -45.8 25.6 205 205 205
33.6 -29.8 16.6 203 203 203
92.8 -45.5 25.5 159 162 161
87.3 -42.6 23.8 154 154 154
-38.6 -24.2 13.7 67 67 67
-38.4 -24.2 13.7 67 67 67
-38.0 -24.2 13.7 68 68 68
-37.7 -24.2 13.7 68 68 68
-37.4 -24.3 13.7 68 68 68
-36.5 -24.3 13.7 68 68 68
-36.1 -24.2 13.7 69 69 69
-35.8 -24.2 13.7 69 69 69
-32.6 -24.2 13.7 63 63 63
-32.2 -24.2 13.7 63 63 63
-31.4 -24.3 13.7 63 63 63
-31.0 -24.2 13.7 64 64 64
-30.6 -24.2 13.7 62 62 62
-30.4 -24.2 13.7 60 59 58
-30.1 -24.2 13.7 57 57 57
-29.7 -24.2 13.7 60 59 58
-28.8 -24.3 13.7 61 60 59
-28.5 -24.2 13.7 61 60 59
-27.8 -24.2 13.7 58 59 59
-27.3 -24.1 13.6 58 59 59
-24.7 -24.0 13.6 56 56 56
-24.0 -24.2 13.7 50 49 48
-13.4 -24.2 13.7 40 40 40
-10.6 -24.4 13.8 179 182 181
-10.4 -24.6 13.9 178 181 180
-10.1 -24.5 13.9 176 179 178
-9.7 -24.5 13.9 223 225 225
-9.4 -24.5 13.9 223 225 225
37.5 -46.1 26.1 203 203 203
43.7 -52.0 29.5 203 203 203
44.0 -50.7 28.7 206 206 206
42.9 -48.7 27.6 206 206 206
40.8 -45.7 25.9 206 206 206
45.7 -49.7 28.1 206 206 206
45.3 -48.5 27.5 206 206 206
46.3 -48.3 27.3 207 207 207
48.2 -48.9 27.7 204 204 204
47.5 -47.6 26.9 204 204 204
46.6 -46.1 26.1 204 204 204
46.6 -45.4 25.7 204 204 204
91.6 -44.3 25.1 159 162 161
86.7 -41.7 23.6 154 154 154
-31.3 -24.1 13.9 65 65 65
-31.0 -24.1 13.9 65 65 65
-30.7 -24.2 13.9 63 63 63
-30.3 -24.2 13.9 61 60 59
-29.1 -24.2 13.9 64 64 64
-28.8 -24.2 13.9 64 64 64
-11.0 -24.3 13.9 180 183 182
-10.7 -24.3 13.9 179 182 181
-10.4 -24.3 13.9 177 180 179
-10.1 -24.3 14.0 175 175 175
-9.7 -24.2 13.9 212 214 214
37.7 -45.6 26.2 205 205 205
43.7 -51.3 29.5 202 202 202
44.0 -50.1 28.7 205 205 205
43.2 -48.5 27.8 205 205 205
40.8 -45.0 25.8 206 206 206
46.2 -50.2 28.8 206 206 206
45.9 -49.3 28.3 206 206 206
45.7 -48.3 27.7 206 206 206
46.2 -47.5 27.3 206 206 206
49.1 -49.2 28.2 206 206 206
47.9 -47.3 27.2 207 207 207
46.8 -45.6 26.2 207 207 207
46.8 -45.0 25.8 204 204 204
95.3 -45.8 26.3 167 167 167
91.4 -43.6 25.1 159 162 161
86.1 -40.9 23.5 154 154 154
-11.2 -24.2 14.1 181 184 183
-10.8 -24.2 14.1 178 181 180
-10.5 -24.2 14.1 177 180 179
-10.3 -24.5 14.3 176 179 178
-9.9 -24.2 14.1 205 205 205
43.6 -50.5 29.4 205 205 205
43.0 -49.0 28.5 202 202 202
43.9 -49.3 28.7 205 205 205
43.2 -47.7 27.8 205 205 205
45.8 -48.5 28.2 205 205 205
45.9 -47.9 27.9 206 206 206
46.2 -46.9 27.3 203 203 203
52.0 -52.0 30.3 206 206 206
49.4 -48.7 28.4 206 206 206
48.3 -47.1 27.4 203 203 203
47.1 -45.3 26.4 203 203 203
47.3 -44.9 26.1 206 206 206
91.5 -43.1 25.1 159 162 161
-10.9 -24.0 14.1 180 183 182
-10.6 -24.2 14.2 178 181 180
-10.5 -24.5 14.5 178 181 180
-10.0 -24.1 14.2 191 191 191
46.6 -54.1 31.9 205 205 205
44.4 -50.7 29.9 205 205 205
43.4 -47.3 27.9 207 210 209
50.4 -53.4 31.5 207 210 209
51.8 -54.1 31.9 207 210 209
52.0 -53.5 31.6 207 210 209
53.0 -53.0 31.3 207 210 209
53.2 -52.6 31.0 206 206 206
49.4 -48.2 28.4 206 206 206
48.6 -46.8 27.6 206 206 206
48.0 -45.6 26.9 206 206 206
-10.9 -24.4 14.6 181 184 183
-10.6 -24.4 14.6 178 181 180
-10.2 -24.3 14.5 173 173 173
46.9 -53.6 32.1 204 204 204
44.2 -49.7 29.7 206 209 208
43.8 -47.1 28.1 206 209 208
51.2 -53.4 32.0 206 209 208
52.0 -53.5 32.0 207 210 209
52.5 -53.3 31.8 207 210 209
49.8 -49.9 29.8 207 210 209
55.6 -54.9 32.8 207 210 209
53.7 -52.3 31.3 207 210 209
52.4 -50.4 30.1 207 210 209
58.7 -54.9 32.8 208 211 210
79.3 -38.9 23.2 178 178 178
80.1 -39.0 23.3 178 178 178
-11.2 -24.7 15.0 181 184 183
-10.9 -25.0 15.1 175 175 175
8.5 -16.8 10.2 207 210 209
8.7 -16.8 10.2 207 210 209
9.7 -16.8 10.2 207 210 209
10.0 -16.9 10.3 207 210 209
10.2 -16.8 10.2 207 210 209
10.3 -16.7 10.1 207 210 209
10.5 -16.6 10.1 207 210 209
10.8 -16.8 10.2 207 210 209
11.1 -16.8 10.2 205 205 205
11.3 -16.8 10.2 205 205 205
12.1 -17.2 10.4 206 209 208
12.5 -16.8 10.2 206 209 208
12.7 -16.8 10.2 205 205 205
46.9 -53.0 32.1 206 209 208
44.3 -49.2 29.8 206 209 208
44.3 -48.4 29.4 206 209 208
51.3 -52.9 32.1 206 209 208
52.2 -53.0 32.2 206 209 208
52.5 -52.5 31.8 206 209 208
50.1 -49.4 30.0 207 210 209
56.3 -54.8 33.2 207 210 209
54.0 -51.8 31.4 207 210 209
58.7 -54.2 32.8 207 210 209
59.4 -54.2 32.8 207 210 209
79.5 -38.4 23.3 179 179 179
80.7 -38.7 23.5 179 179 179
50.6 -22.7 13.8 160 160 160
-11.5 -26.7 16.4 156 159 158
-5.1 -17.0 10.5 168 170 169
8.5 -16.6 10.2 209 212 211
8.7 -16.6 10.2 209 212 211
10.0 -16.7 10.3 207 210 209
46.7 -51.9 32.0 205 208 207
44.2 -48.4 29.8 205 208 207
44.4 -47.9 29.5 205 208 207
52.1 -52.1 32.1 209 212 211
51.6 -50.9 31.3 209 212 211
53.9 -51.0 31.4 206 209 208
81.6 -38.6 23.7 180 180 180
51.2 -22.7 13.9 161 161 161
51.4 -22.6 13.9 151 151 151
51.7 -22.6 13.9 146 146 146
-11.6 -26.6 16.6 159 162 161
-11.2 -26.5 16.5 155 158 157
44.0 -47.5 29.6 205 208 207
44.6 -47.4 29.6 208 211 210
45.3 -47.4 29.6 205 208 207
53.9 -50.3 31.4 209 212 211
81.1 -37.8 23.6 181 181 181
81.4 -37.7 23.5 181 181 181
51.9 -22.7 14.1 160 160 160
51.9 -22.5 14.0 153 153 153
52.0 -22.4 14.0 147 147 147
-18.9 -16.2 10.3 205 205 205
-12.1 -26.3 16.7 179 179 179
-11.7 -26.4 16.7 167 167 167
-11.4 -26.5 16.8 159 162 161
121.7 -116.7 73.9 208 211 210
115.3 -109.0 69.0 208 211 210
79.7 -36.6 23.2 182 182 182
79.9 -36.5 23.1 182 182 182
77.7 -35.2 22.3 182 182 182
52.5 -22.6 14.3 162 162 162
52.4 -22.4 14.2 154 154 154
52.5 -22.3 14.1 147 147 147
-12.2 -26.3 16.9 179 179 179
-11.8 -26.1 16.8 172 172 172
-11.6 -26.6 17.1 164 164 164
121.1 -112.8 72.5 208 211 210
114.8 -105.5 67.8 208 211 210
587.7 -474.8 305.1 207 210 209
79.2 -36.1 23.2 183 183 183
79.7 -36.1 23.2 183 183 183
79.6 -35.8 23.0 183 183 183
78.8 -35.2 22.6 183 183 183
53.4 -22.6 14.6 163 163 163
53.1 -22.4 14.4 156 156 156
-13.0 -26.6 17.4 185 185 185
-12.4 -26.4 17.2 182 182 182
-11.9 -26.0 17.0 173 175 175
-11.7 -26.5 17.3 169 169 169
-11.4 -26.8 17.5 164 164 164
125.9 -115.5 75.4 207 210 209
120.9 -109.4 71.4 208 211 210
714.5 -568.5 370.9 207 210 209
317.9 -250.0 163.1 210 213 212
79.5 -35.7 23.3 184 184 184
80.1 -35.7 23.3 184 184 184
79.6 -35.3 23.0 184 184 184
79.1 -34.8 22.7 184 184 184
54.8 -22.9 14.9 157 160 159
-12.1 -26.0 17.2 175 177 177
-11.9 -26.5 17.5 173 173 173
-11.7 -27.1 17.9 167 167 167
-11.4 -27.4 18.1 164 164 164
283.7 -219.7 145.5 210 213 212
80.0 -35.1 23.3 185 185 185
80.0 -34.9 23.1 185 185 185
79.2 -34.3 22.7 185 185 185
78.0 -33.6 22.3 185 185 185
-12.2 -26.8 18.0 174 174 174
-12.1 -27.4 18.5 167 167 167
-11.8 -27.8 18.7 165 165 165
-4.5 -14.9 10.0 108 108 108
196.6 -172.5 116.1 207 210 209
166.6 -144.2 97.0 207 210 209
283.0 -232.4 156.3 208 211 210
273.1 -221.4 148.9 208 211 210
292.7 -223.1 150.1 209 212 211
363.0 -270.3 181.9 210 213 212
335.1 -246.6 165.9 210 213 212
80.1 -34.6 23.3 186 186 186
80.6 -34.6 23.3 186 186 186
79.4 -33.9 22.8 186 186 186
78.1 -33.1 22.3 186 186 186
60.6 -24.7 16.6 168 168 168
60.1 -24.3 16.4 160 163 162
60.1 -24.2 16.3 154 154 154
-12.4 -27.8 19.0 170 171 170
-12.2 -28.4 19.4 163 166 165
232.2 -200.5 137.1 207 210 209
180.4 -153.8 105.1 207 210 209
296.5 -242.8 165.9 207 210 209
305.7 -247.1 168.9 208 211 210
301.6 -240.7 164.5 208 211 210
592.3 -439.3 300.3 209 212 211
389.2 -285.3 195.0 209 212 211
329.3 -238.6 163.1 210 213 212
79.7 -33.5 22.9 188 188 188
79.7 -33.3 22.7 188 188 188
79.9 -33.1 22.6 188 188 188
61.2 -24.6 16.8 168 168 168
60.3 -24.0 16.4 162 162 162
59.9 -23.7 16.2 156 156 156
60.1 -23.7 16.2 148 150 150
-60.5 -31.0 21.5 34 34 34
-60.4 -31.1 21.6 58 58 58
-59.9 -31.1 21.6 75 75 75
-59.4 -31.1 21.6 75 75 75
-58.9 -31.1 21.6 150 150 148
-58.4 -31.1 21.6 67 67 67
-57.9 -31.1 21.6 26 26 26
-57.3 -31.1 21.6 20 23 21
-56.8 -31.1 21.6 20 23 21
-54.3 -31.1 21.6 134 134 134
-53.5 -31.0 21.5 53 53 53
-53.0 -31.0 21.5 155 155 155
-52.5 -31.0 21.5 183 183 183
-52.0 -31.0 21.5 177 177 177
-51.5 -31.0 21.5 115 117 116
-51.0 -31.0 21.5 77 77 77
-50.6 -31.0 21.5 80 82 79
-50.0 -31.0 21.5 68 68 68
-49.8 -31.1 21.6 126 126 126
-49.3 -31.1 21.6 161 161 161
-48.6 -31.0 21.5 177 177 177
-48.1 -31.0 21.5 172 174 174
-47.5 -31.0 21.5 182 185 184
-47.3 -31.1 21.6 213 215 215
-46.2 -31.1 21.6 188 188 188
-45.8 -31.2 21.6 195 198 197
-45.0 -31.0 21.5 209 209 209
-44.8 -31.1 21.6 205 208 207
-44.3 -31.2 21.6 181 184 183
-43.8 -31.1 21.6 180 183 182
-43.2 -31.1 21.6 164 164 164
-43.0 -31.3 21.7 152 152 152
-42.4 -31.2 21.7 174 174 174
-42.0 -31.3 21.7 206 209 208
-41.3 -31.1 21.6 204 204 204
-40.8 -31.1 21.6 181 184 183
-40.3 -31.1 21.6 181 184 183
-39.8 -31.1 21.6 209 209 209
-39.3 -31.1 21.6 219 219 219
-38.7 -31.1 21.6 169 171 170
-38.0 -31.0 21.5 120 120 120
-36.3 -31.2 21.6 181 181 181
-35.7 -31.1 21.6 212 214 214
-34.7 -31.1 21.6 205 208 207
-34.0 -31.0 21.5 134 137 136
-33.5 -31.0 21.5 42 43 42
-33.2 -31.1 21.6 40 40 40
-32.7 -31.1 21.6 52 52 52
-32.2 -31.1 21.6 79 81 79
-31.5 -31.0 21.5 90 92 91
-31.0 -31.0 21.5 109 109 107
-30.5 -31.0 21.5 106 106 106
-30.0 -31.0 21.5 20 23 21
-29.5 -31.0 21.5 46 46 46
-29.0 -31.0 21.5 88 88 88
-28.7 -31.1 21.6 26 26 26
-28.2 -31.1 21.6 7 13 9
-27.7 -31.1 21.6 32 33 31
-27.0 -31.0 21.5 102 101 99
-26.6 -31.0 21.5 45 47 46
-25.9 -31.3 21.8 28 28 28
-25.2 -31.1 21.6 101 101 101
-24.7 -31.1 21.6 55 55 55
279.7 -241.0 167.4 206 209 208
248.4 -211.1 146.6 206 209 208
196.9 -165.1 114.6 206 209 208
264.8 -216.2 150.1 207 210 209
310.1 -249.9 173.5 207 210 209
360.4 -286.7 199.1 207 210 209
315.3 -247.6 172.0 208 211 210
548.8 -400.5 278.2 209 212 211
454.9 -328.1 227.9 209 212 211
341.0 -243.2 168.9 210 213 212
78.9 -32.8 22.8 190 190 190
79.5 -32.9 22.8 190 190 190
79.4 -32.6 22.7 190 190 190
79.2 -32.3 22.4 190 190 190
78.8 -31.9 22.2 186 186 186
60.9 -23.9 16.6 159 159 159
60.5 -23.6 16.4 154 154 154
60.5 -23.5 16.3 149 149 149
61.3 -23.6 16.4 146 146 146
-61.6 -31.0 21.9 26 26 26
-54.3 -31.2 22.0 151 151 151
-53.8 -31.2 22.0 180 183 182
-53.3 -31.2 22.0 177 177 177
-52.8 -31.2 22.0 163 166 165
-53.0 -31.6 22.3 146 146 146
-51.8 -31.2 22.0 150 150 150
-51.3 -31.2 22.0 77 77 77
-51.5 -31.7 22.4 73 73 73
-50.9 -31.6 22.3 198 198 198
-50.4 -31.6 22.3 197 197 197
-49.2 -31.2 22.0 162 162 162
-49.1 -31.5 22.2 96 95 94
-46.9 -31.3 22.1 96 95 94
-46.7 -31.6 22.3 68 68 68
-46.4 -31.7 22.4 73 73 73
-45.7 -31.6 22.3 60 60 60
-45.1 -31.6 22.3 75 75 75
-44.7 -31.6 22.3 47 47 47
-43.9 -31.5 22.2 29 31 29
-43.5 -31.5 22.3 121 121 121
-42.8 -31.4 22.2 168 170 169
-42.4 -31.5 22.2 153 153 153
-41.9 -31.5 22.2 166 166 166
-41.5 -31.6 22.3 106 106 104
-41.0 -31.6 22.3 65 65 65
-40.2 -31.3 22.1 147 147 147
-39.3 -31.1 21.9 138 140 139
-39.3 -31.5 22.2 148 148 148
-38.7 -31.4 22.2 195 195 195
-37.2 -31.4 22.2 239 238 236
-36.3 -31.1 21.9 220 220 220
-35.9 -31.2 22.0 227 227 227
-35.4 -31.2 22.0 217 217 217
-34.9 -31.2 22.0 213 215 215
-34.4 -31.2 22.0 138 138 138
-33.8 -31.2 22.0 67 69 67
-33.6 -31.5 22.2 31 32 30
-33.1 -31.5 22.2 28 28 28
-32.3 -31.2 22.0 21 24 22
-31.8 -31.2 22.0 19 23 20
-31.3 -31.2 22.0 115 114 114
-30.8 -31.2 22.0 30 29 29
-30.3 -31.2 22.0 101 100 98
-29.8 -31.2 22.0 28 28 28
-29.2 -31.2 22.0 28 28 28
-28.7 -31.2 22.0 110 110 108
-28.2 -31.2 22.0 141 143 142
-27.7 -31.2 22.0 63 62 61
-27.0 -31.0 21.9 43 43 43
-26.8 -31.4 22.2 70 72 69
-26.2 -31.2 22.0 31 32 30
-25.7 -31.2 22.0 139 139 139
-25.1 -31.1 21.9 88 88 88
242.7 -203.0 143.3 206 209 208
254.7 -204.6 144.4 207 210 209
482.2 -377.4 266.4 207 210 209
357.5 -276.3 195.0 207 210 209
622.0 -446.6 315.3 209 212 211
524.4 -372.2 262.7 209 212 211
374.5 -262.7 185.5 209 212 211
33.7 -19.9 14.1 198 198 198
78.6 -32.2 22.7 191 191 191
79.4 -32.3 22.8 191 191 191
79.6 -32.2 22.7 191 191 191
79.5 -31.9 22.5 191 191 191
79.5 -31.7 22.4 188 188 188
80.4 -31.8 22.5 184 184 184
61.1 -23.3 16.4 150 150 150
-53.1 -31.5 22.6 201 203 203
-52.5 -31.8 22.8 54 54 54
-51.9 -31.7 22.7 33 32 30
-51.3 -31.6 22.7 141 141 141
-50.4 -31.5 22.6 106 108 108
-46.1 -31.7 22.8 68 68 68
-45.6 -31.7 22.8 68 68 68
-44.6 -31.4 22.5 68 68 68
-40.8 -31.3 22.5 195 198 197
-39.0 -32.0 23.0 138 138 138
-37.9 -31.5 22.6 123 125 124
-32.1 -31.5 22.6 84 84 84
-31.6 -31.5 22.6 66 66 66
-14.3 -29.4 21.1 181 184 183
-13.7 -30.4 21.8 112 112 112
167.4 -135.9 97.5 210 210 210
163.0 -130.5 93.6 210 210 210
189.5 -149.8 107.5 211 211 211
172.2 -129.2 92.7 207 210 209
160.9 -119.3 85.6 208 211 210
731.7 -516.8 370.9 209 212 211
34.1 -20.9 15.0 195 195 195
34.4 -20.8 15.0 195 195 195
34.2 -20.2 14.5 198 198 198
33.8 -19.7 14.1 198 198 198
76.4 -31.2 22.4 192 195 194
76.8 -31.1 22.3 192 195 194
77.6 -31.2 22.4 192 195 194
79.0 -31.6 22.7 192 192 192
79.3 -31.5 22.6 189 189 189
79.1 -31.2 22.4 192 195 194
79.5 -31.2 22.4 189 189 189
80.0 -31.2 22.4 189 189 189
-14.6 -29.6 21.6 179 179 179
-14.5 -30.4 22.2 181 184 183
-13.8 -30.0 21.9 151 151 151
290.1 -225.4 164.5 210 210 210
422.5 -324.0 236.5 211 211 211
511.0 -386.8 282.3 211 211 211
353.9 -264.5 193.0 211 211 211
601.9 -418.0 305.1 208 211 210
34.1 -20.5 15.0 195 195 195
34.1 -20.3 14.8 196 196 196
34.3 -20.2 14.8 198 198 198
34.3 -19.8 14.5 202 202 202
77.7 -30.8 22.5 193 196 195
79.0 -31.1 22.7 193 196 195
79.2 -30.9 22.6 193 193 193
79.3 -30.8 22.5 193 193 193
79.5 -30.6 22.4 190 190 190
80.0 -30.6 22.4 184 184 184
71.7 -26.1 19.0 131 134 133
72.5 -26.2 19.1 131 134 133
73.4 -26.4 19.3 129 129 129
306.1 -233.7 173.5 210 210 210
456.8 -344.3 255.6 210 210 210
535.0 -398.1 295.6 211 211 211
376.9 -276.9 205.6 211 211 211
385.9 -280.0 207.9 211 211 211
444.5 -318.5 236.5 211 211 211
537.3 -380.3 282.3 212 213 212
611.8 -417.7 310.1 208 211 210
34.0 -19.7 14.6 198 198 198
34.2 -19.7 14.6 198 198 198
34.6 -19.7 14.6 199 199 199
79.7 -30.8 22.9 188 188 188
79.6 -30.6 22.7 194 194 194
80.2 -30.4 22.6 191 191 191
80.4 -30.3 22.5 188 188 188
79.1 -29.6 22.0 177 177 177
70.9 -25.7 19.1 134 137 136
70.8 -25.5 18.9 134 137 136
71.7 -25.7 19.1 131 134 133
72.9 -25.9 19.3 131 134 133
73.5 -26.0 19.3 132 132 132
-15.5 -31.3 23.6 172 174 174
-16.5 -34.6 26.2 160 160 160
-15.8 -34.4 26.0 22 22 22
-14.7 -33.3 25.1 29 29 29
685.8 -521.6 394.1 209 209 209
556.0 -417.3 315.3 210 210 210
698.8 -511.0 386.0 210 210 210
541.9 -391.2 295.6 211 211 211
456.1 -325.2 245.7 211 211 211
731.7 -490.9 370.9 212 213 212
580.9 -385.2 291.0 214 214 214
34.4 -19.6 14.8 199 199 199
80.8 -30.1 22.7 179 182 181
80.9 -29.9 22.6 179 182 181
71.7 -25.5 19.3 134 134 134
71.1 -25.2 19.0 134 134 134
71.5 -25.2 19.0 134 134 134
73.1 -25.6 19.3 134 134 134
73.8 -25.7 19.4 132 132 132
-16.8 -34.7 26.7 88 88 88
-16.0 -34.3 26.4 57 59 59
80.6 -29.5 22.7 170 171 170
80.7 -29.4 22.6 154 156 156
80.2 -29.0 22.3 150 152 152
71.3 -24.8 19.1 132 132 132
71.4 -24.7 19.0 132 132 132
72.5 -24.9 19.1 132 132 132
73.7 -25.2 19.4 132 132 132
-49.5 -36.2 28.4 53 52 52
-17.6 -34.4 26.9 91 94 93
-17.1 -34.7 27.1 88 88 88
-16.4 -34.5 27.0 57 59 59
91.4 -32.2 25.2 131 133 132
91.7 -32.1 25.2 131 133 132
71.4 -24.4 19.1 127 127 127
71.5 -24.3 19.0 128 128 128
72.3 -24.4 19.1 128 130 129
72.9 -24.5 19.1 128 128 128
-67.5 -37.5 29.9 164 167 166
-52.1 -36.9 29.5 53 53 53
-50.4 -36.2 28.9 53 53 53
-17.7 -33.9 27.1 91 94 93
-17.3 -34.4 27.4 90 92 91
-16.6 -34.2 27.3 74 76 75
92.0 -32.1 25.6 112 112 112
92.6 -32.1 25.6 121 121 121
93.0 -32.0 25.5 121 121 121
71.7 -23.9 19.1 122 122 122
72.5 -24.0 19.1 126 126 126
-87.5 -38.2 31.1 77 77 77
-86.9 -38.3 31.1 75 76 76
-86.1 -38.3 31.1 68 70 68
-85.4 -38.3 31.1 158 158 158
-84.7 -38.3 31.1 151 151 151
-84.0 -38.3 31.1 152 152 152
-83.3 -38.3 31.1 184 187 186
-82.5 -38.3 31.1 183 183 183
-81.8 -38.3 31.1 203 203 203
-81.1 -38.3 31.1 138 138 138
-80.4 -38.3 31.1 73 73 73
-79.6 -38.3 31.1 48 48 48
-78.9 -38.3 31.1 66 66 66
-78.5 -38.4 31.2 72 72 72
-77.5 -38.3 31.1 72 72 72
-76.7 -38.3 31.1 72 72 72
-76.1 -38.4 31.2 67 69 67
-75.2 -38.2 31.1 57 57 57
-74.3 -38.2 31.0 29 30 28
-73.5 -38.1 31.0 29 30 28
-72.4 -37.9 30.8 25 25 25
-71.8 -38.0 30.9 17 21 18
-71.6 -38.2 31.1 16 20 17
-70.7 -38.2 31.0 23 23 23
-70.2 -38.3 31.1 147 149 149
-69.5 -38.3 31.1 156 156 156
-68.5 -38.1 31.0 192 192 192
-67.8 -38.2 31.0 141 141 141
-67.3 -38.3 31.1 140 140 140
-65.3 -38.4 31.2 169 171 170
-64.7 -38.4 31.2 105 107 107
-60.5 -38.5 31.3 14 14 14
-59.7 -38.5 31.3 32 31 30
-55.5 -38.1 31.0 53 53 53
-53.2 -37.0 30.1 53 53 53
-53.6 -38.3 31.1 52 52 52
-52.5 -38.0 30.9 52 52 52
-51.7 -38.0 30.9 52 52 52
-51.4 -38.2 31.1 47 47 47
-50.7 -38.3 31.1 38 38 38
-50.0 -38.3 31.1 27 29 27
-49.3 -38.3 31.1 32 31 30
-48.5 -38.3 31.1 83 84 82
-47.7 -38.2 31.1 6 11 7
-47.0 -38.2 31.1 15 19 16
-46.3 -38.2 31.1 127 127 127
-45.6 -38.2 31.1 70 70 70
-44.9 -38.2 31.1 46 46 46
-44.1 -38.2 31.1 106 106 104
-43.4 -38.2 31.1 39 39 39
-42.8 -38.3 31.1 109 109 109
-42.0 -38.2 31.1 27 29 27
-37.7 -38.3 31.1 123 125 124
-37.3 -38.6 31.4 32 32 32
-17.9 -33.8 27.5 94 94 94
-17.3 -33.8 27.5 90 92 91
-16.6 -33.6 27.3 81 84 83
243.0 -146.4 119.0 216 216 216
92.5 -31.6 25.7 106 108 108
92.9 -31.5 25.6 112 112 112
93.6 -31.6 25.7 112 112 112
93.4 -31.3 25.5 112 112 112
72.6 -23.8 19.3 112 112 112
72.7 -23.6 19.2 123 123 123
73.4 -23.7 19.3 131 131 131
-87.3 -37.4 31.0 89 91 89
-86.6 -37.4 31.0 89 89 89
-85.9 -37.4 31.0 156 156 156
-85.1 -37.4 31.0 100 100 100
-84.4 -37.4 31.0 146 148 148
-83.7 -37.4 31.0 159 159 159
-83.0 -37.4 31.0 205 208 207
-82.3 -37.4 31.0 145 147 147
-81.5 -37.4 31.0 198 198 198
-80.8 -37.4 31.0 198 198 198
-80.1 -37.4 31.0 117 119 118
-79.4 -37.4 31.0 66 66 66
-78.7 -37.4 31.0 70 70 70
-78.1 -37.5 31.1 72 72 72
-77.5 -37.6 31.1 72 72 72
-76.6 -37.5 31.1 69 69 69
-76.0 -37.6 31.1 69 69 69
-75.2 -37.5 31.1 60 60 60
-74.3 -37.4 31.0 38 40 40
-73.6 -37.4 31.0 25 25 25
-72.5 -37.3 30.9 19 23 20
-72.1 -37.4 31.0 16 20 17
-71.4 -37.4 31.0 16 20 17
-70.7 -37.4 31.0 25 25 25
-70.1 -37.5 31.1 115 117 116
-69.4 -37.5 31.1 148 150 150
-68.5 -37.4 31.0 104 106 106
-67.7 -37.4 31.0 148 150 150
-67.1 -37.4 31.0 124 127 126
-66.4 -37.4 31.0 187 189 189
-65.8 -37.5 31.1 136 138 137
-65.0 -37.4 31.0 148 148 148
-64.3 -37.5 31.1 146 146 146
-63.7 -37.6 31.1 155 155 155
-63.1 -37.6 31.2 113 114 113
-62.2 -37.5 31.1 97 97 97
-61.4 -37.4 31.0 27 27 27
-60.8 -37.6 31.1 27 29 27
-60.2 -37.6 31.2 38 40 40
-59.5 -37.6 31.2 46 46 46
-58.6 -37.5 31.1 44 44 44
-56.1 -37.3 30.9 53 52 52
-55.3 -37.3 30.9 53 52 52
-53.3 -36.4 30.1 53 52 52
-53.4 -37.4 31.0 53 52 52
-52.5 -37.3 30.9 48 48 48
-51.8 -37.3 30.9 51 51 51
-51.3 -37.4 31.0 45 45 45
-50.6 -37.5 31.1 33 33 33
-49.9 -37.5 31.1 26 26 26
-49.2 -37.5 31.1 31 30 29
-48.5 -37.6 31.1 80 80 80
-47.7 -37.4 31.0 27 28 26
-46.9 -37.4 31.0 26 26 26
-46.2 -37.4 31.0 24 24 24
-45.5 -37.4 31.0 24 24 24
-44.8 -37.4 31.0 24 24 24
-44.1 -37.4 31.0 123 125 124
-43.3 -37.4 31.0 36 36 36
-42.6 -37.4 31.0 83 85 85
-41.9 -37.4 31.0 57 56 55
-38.3 -37.4 31.0 32 32 32
-37.7 -37.6 31.1 130 130 130
-37.1 -37.7 31.2 120 122 121
-36.2 -37.6 31.1 67 67 67
-17.9 -34.2 28.3 90 92 91
-18.1 -37.4 31.0 55 55 55
214.1 -139.3 115.3 214 214 214
243.0 -143.6 119.0 214 214 214
92.9 -31.2 25.8 106 106 106
93.4 -31.1 25.8 108 108 108
94.4 -31.2 25.9 108 110 110
93.5 -30.8 25.5 108 110 110
73.3 -23.5 19.5 106 106 106
72.9 -23.2 19.2 95 95 95
73.4 -23.3 19.3 154 154 154
-93.1 -39.2 33.1 101 100 98
-92.8 -39.4 33.2 160 163 162
-92.1 -39.4 33.2 35 35 35
-91.3 -39.4 33.2 104 104 104
-90.5 -39.4 33.2 160 163 162
-89.7 -39.4 33.2 209 212 211
-89.0 -39.4 33.2 163 166 165
-88.2 -39.4 33.2 184 183 181
-87.4 -39.4 33.2 189 191 191
-86.6 -39.4 33.2 203 203 203
-85.9 -39.4 33.2 180 183 182
-85.1 -39.4 33.2 70 70 70
-84.3 -39.4 33.2 70 70 70
-84.0 -39.6 33.4 75 77 75
-83.1 -39.5 33.4 75 75 75
-81.9 -39.3 33.2 77 79 77
-80.9 -39.2 33.1 77 79 77
-79.5 -38.9 32.8 65 65 65
-78.4 -38.8 32.7 34 34 34
-78.1 -39.0 32.9 32 31 30
-78.6 -39.6 33.4 27 27 27
-77.1 -39.2 33.1 16 20 17
-76.1 -39.1 33.0 19 23 20
-75.4 -39.2 33.1 16 20 17
-74.8 -39.2 33.1 107 109 109
-73.6 -39.0 33.0 143 143 142
-73.1 -39.2 33.1 148 150 150
-72.9 -39.4 33.3 137 139 138
-72.5 -39.6 33.5 148 148 148
-71.6 -39.6 33.4 148 150 150
-70.3 -39.3 33.2 136 138 137
-69.8 -39.4 33.3 123 123 123
-69.2 -39.6 33.4 117 119 118
-66.6 -39.4 33.2 103 102 100
-64.7 -39.6 33.5 51 51 51
-63.1 -39.2 33.1 53 52 52
-57.4 -39.4 33.3 53 52 52
-56.3 -39.2 33.1 51 51 51
-55.4 -39.2 33.1 51 51 51
-54.4 -39.0 32.9 48 48 48
-53.7 -39.0 33.0 39 41 41
-53.3 -39.3 33.2 27 29 27
-52.1 -39.6 33.4 77 78 76
-51.1 -39.4 33.2 23 23 23
-50.3 -39.4 33.2 43 42 41
-49.6 -39.4 33.2 88 88 88
-48.8 -39.4 33.2 132 135 134
-48.0 -39.4 33.2 131 131 131
-45.7 -39.4 33.2 34 34 34
-40.2 -39.3 33.2 32 32 32
-39.4 -39.3 33.2 27 28 26
-19.5 -39.5 33.4 37 38 37
712.4 -422.6 356.9 215 215 215
92.9 -30.4 25.6 106 106 106
94.0 -30.5 25.8 106 106 106
93.8 -30.3 25.6 105 105 105
74.1 -23.3 19.7 73 73 73
73.0 -22.8 19.3 67 67 65
72.9 -22.7 19.1 156 156 156
-94.9 -39.1 33.7 132 132 132
-92.9 -39.3 33.8 117 117 117
-92.0 -39.2 33.8 200 200 200
-84.3 -39.3 33.8 75 77 75
-83.3 -39.2 33.8 70 70 70
-79.7 -39.4 33.9 91 91 91
-78.6 -39.2 33.8 71 71 71
-77.8 -39.2 33.8 15 15 15
-76.9 -39.1 33.7 23 23 23
-76.3 -39.2 33.8 95 94 93
-75.5 -39.2 33.8 143 143 142
-74.4 -39.1 33.7 170 172 172
-73.9 -39.2 33.8 145 145 144
-73.2 -39.3 33.8 164 163 161
-72.3 -39.2 33.8 124 124 124
-65.5 -39.4 33.9 62 64 61
-64.4 -39.1 33.7 57 57 57
-58.2 -39.2 33.8 53 53 53
-55.1 -39.2 33.8 53 53 53
-54.3 -39.2 33.8 33 33 33
-52.8 -39.3 33.8 43 42 41
-51.9 -39.2 33.8 75 76 74
-40.0 -39.1 33.7 27 28 26
-21.7 -41.5 35.8 104 104 104
-20.4 -40.6 35.0 93 96 95
666.9 -422.3 363.8 216 216 216
629.3 -366.0 315.3 218 218 218
50.9 -16.2 14.0 99 99 99
51.9 -16.4 14.1 96 96 96
52.6 -16.5 14.2 90 92 91
-25.8 -43.4 38.1 116 116 116
-24.6 -42.9 37.7 98 100 100
-23.5 -42.4 37.2 94 94 94
-22.9 -42.9 37.7 85 85 85
-22.0 -42.9 37.7 114 116 115
-21.5 -43.6 38.3 111 111 109
297.9 -192.1 168.9 218 218 218
589.9 -336.3 295.6 218 218 218
51.2 -16.0 14.0 97 97 97
52.3 -16.2 14.3 83 83 83
53.1 -16.4 14.4 72 72 72
-114.0 -45.1 40.5 90 92 91
-111.2 -45.1 40.5 88 88 88
-94.3 -45.1 40.5 189 189 189
-93.1 -45.0 40.4 193 196 195
-92.2 -45.0 40.4 147 149 149
-91.4 -45.1 40.5 6 7 7
-90.5 -45.1 40.5 2 7 3
-89.9 -45.3 40.7 6 11 7
-89.0 -45.3 40.7 34 34 34
-88.1 -45.3 40.7 83 83 83
-87.1 -45.3 40.7 136 138 137
-83.9 -45.1 40.5 35 35 35
-26.6 -43.7 39.2 122 124 123
-25.4 -43.4 38.9 97 100 99
-24.1 -42.7 38.3 95 98 97
-23.4 -43.0 38.6 107 107 107
-23.3 -44.4 39.8 26 25 24
-22.4 -44.6 40.0 31 31 31
-21.8 -45.1 40.5 112 112 112
629.3 -351.3 315.3 218 218 218
40.1 -18.0 16.1 117 119 118
52.2 -15.9 14.2 77 79 78
53.2 -16.1 14.4 72 72 72
53.7 -16.1 14.5 72 72 72
-117.3 -45.5 41.7 140 140 140
-117.9 -46.1 42.2 151 151 151
-116.9 -46.1 42.2 77 78 76
-115.9 -46.1 42.2 86 86 86
-115.0 -46.1 42.2 86 86 86
-113.7 -46.0 42.1 90 92 91
-112.7 -46.0 42.1 134 136 135
-111.8 -46.0 42.1 130 130 130
-110.8 -46.0 42.1 72 72 72
-110.0 -46.1 42.2 46 46 46
-109.1 -46.1 42.2 62 64 61
-108.1 -46.1 42.2 78 80 78
-107.1 -46.1 42.2 78 80 78
-105.6 -45.9 42.0 85 85 85
-105.1 -46.1 42.2 78 80 78
-104.2 -46.1 42.2 88 90 89
-103.2 -46.1 42.2 80 82 79
-102.2 -46.1 42.2 188 188 188
-101.0 -46.0 42.1 191 194 193
-100.0 -46.0 42.1 115 114 114
-99.0 -46.0 42.1 137 139 138
-98.0 -46.0 42.1 85 85 85
-96.9 -45.9 42.0 134 137 136
-96.1 -46.0 42.1 147 149 149
-95.3 -46.1 42.2 11 11 11
-94.1 -46.0 42.1 29 30 28
-93.4 -46.1 42.2 20 23 21
-92.4 -46.1 42.2 25 25 25
-91.4 -46.1 42.2 20 23 21
-90.2 -46.0 42.1 104 104 104
-89.2 -46.0 42.1 112 112 112
-88.5 -46.1 42.2 107 107 107
-87.1 -45.9 42.0 135 135 135
-86.1 -45.9 42.0 128 130 129
-85.3 -46.0 42.1 157 157 157
-84.3 -46.0 42.1 67 67 67
-75.9 -46.2 42.3 72 72 72
-74.7 -46.1 42.2 47 48 47
-73.7 -46.1 42.2 96 95 94
-72.6 -46.0 42.1 196 196 196
-72.7 -46.7 42.8 204 204 204
-72.1 -46.9 43.0 207 210 209
-70.9 -46.8 42.9 214 214 214
-68.8 -46.1 42.2 232 232 232
-67.8 -46.1 42.2 234 234 234
-66.9 -46.1 42.2 234 234 234
-65.9 -46.1 42.2 232 232 232
-64.9 -46.1 42.2 231 231 231
-63.8 -46.0 42.1 224 224 224
-61.0 -46.1 42.2 106 106 104
-59.9 -46.0 42.1 86 88 88
-58.7 -45.9 42.0 109 109 109
-28.1 -45.3 41.5 120 120 120
-27.2 -45.4 41.6 96 99 98
-25.8 -44.6 40.9 100 100 100
-24.8 -44.6 40.9 102 104 104
-24.7 -46.1 42.2 15 19 16
-23.7 -46.2 42.3 27 27 27
-22.5 -45.7 41.9 101 101 101
38.6 -16.8 15.4 73 75 75
52.1 -15.5 14.2 79 82 81
53.0 -15.7 14.4 75 75 75
-123.0 -46.7 43.7 150 150 150
-122.5 -46.9 43.9 51 51 51
-121.5 -46.9 43.9 62 64 61
-120.5 -46.9 43.9 91 93 92
-119.5 -46.9 43.9 143 143 142
-118.2 -46.8 43.8 109 111 111
-117.2 -46.8 43.8 72 72 72
-116.4 -46.9 43.9 44 44 44
-115.4 -46.9 43.9 46 46 46
-114.4 -46.9 43.9 58 59 59
-113.4 -46.9 43.9 66 66 66
-112.3 -46.9 43.9 75 75 75
-111.3 -46.9 43.9 77 78 76
-110.0 -46.8 43.8 75 75 75
-109.0 -46.8 43.8 176 176 176
-108.3 -46.9 43.9 186 186 186
-107.5 -47.0 44.0 86 86 86
-106.0 -46.8 43.8 134 137 136
-105.0 -46.8 43.8 158 158 158
-103.9 -46.8 43.8 134 137 136
-102.9 -46.8 43.8 107 109 109
-102.1 -46.9 43.9 140 140 140
-100.9 -46.8 43.8 134 137 136
-100.1 -46.9 43.9 140 140 140
-99.1 -46.9 43.9 14 14 14
-98.1 -46.9 43.9 29 31 29
-97.3 -47.0 44.0 24 24 24
-96.0 -46.9 43.9 24 24 24
-95.0 -46.9 43.9 17 21 18
-93.8 -46.8 43.8 100 100 100
-93.0 -46.9 43.9 122 122 122
-91.9 -46.9 43.9 124 124 124
-90.7 -46.8 43.8 85 85 85
-89.7 -46.8 43.8 104 103 101
-88.9 -46.9 43.9 137 139 138
-87.7 -46.8 43.8 131 131 131
-80.4 -47.3 44.3 204 204 204
-78.7 -46.9 43.9 192 192 192
-77.7 -46.9 43.9 127 127 127
-76.5 -46.8 43.8 48 48 48
-75.4 -46.8 43.8 77 79 77
-74.6 -46.9 43.9 91 91 91
-73.6 -46.9 43.9 106 106 106
-72.7 -47.0 44.0 205 205 205
-71.5 -46.9 43.9 232 232 232
-70.5 -46.9 43.9 234 236 236
-69.5 -46.9 43.9 240 240 240
-68.5 -46.9 43.9 238 238 238
-67.3 -46.8 43.8 231 231 231
-66.3 -46.8 43.8 229 229 229
-65.6 -47.0 44.0 224 224 224
-64.5 -47.0 44.0 212 213 212
-63.4 -46.9 43.9 179 182 181
-62.2 -46.8 43.8 68 70 68
-61.2 -46.8 43.8 75 76 74
-60.2 -46.8 43.8 54 54 54
-59.7 -47.2 44.2 118 118 118
-29.2 -46.0 43.1 124 124 124
-28.4 -46.3 43.4 96 99 98
-27.2 -46.0 43.1 101 101 101
-26.2 -46.0 43.1 110 110 110
-25.6 -46.8 43.8 15 19 16
-24.6 -46.9 43.9 22 22 22
-23.4 -46.5 43.6 49 50 48
38.8 -16.5 15.5 73 75 75
51.8 -15.1 14.1 87 87 87
52.4 -15.1 14.2 77 80 79
52.5 -15.1 14.1 77 77 77
53.1 -15.2 14.2 77 77 77
-125.8 -47.1 45.0 89 90 88
-101.2 -46.8 44.8 6 11 7
-99.0 -47.3 45.3 25 25 25
-98.0 -47.3 45.3 17 21 18
-93.7 -46.7 44.7 117 119 118
-91.6 -47.3 45.3 156 156 156
-25.9 -44.6 42.7 114 116 115
-26.3 -47.1 45.0 23 24 23
-25.7 -47.8 45.8 18 18 18
207.8 -116.9 111.9 219 219 219
599.3 -313.7 300.3 221 221 221
174.1 -85.2 81.5 199 199 199
39.1 -16.3 15.6 79 79 79
39.5 -16.3 15.6 71 73 73
51.7 -14.7 14.1 90 90 90
52.3 -14.7 14.1 77 80 79
52.4 -14.6 13.9 77 77 77
-27.0 -47.2 46.3 13 17 14
-27.1 -49.3 48.3 25 25 23
408.0 -227.3 222.5 219 219 219
717.6 -371.6 363.8 220 220 220
563.5 -288.4 282.3 218 218 218
174.9 -83.6 81.9 199 199 199
39.5 -16.1 15.7 85 87 87
39.8 -16.0 15.7 71 73 73
51.3 -13.8 13.6 79 81 80
50.6 -13.6 13.3 157 157 157
-28.9 -51.5 51.5 22 22 22
-30.3 -56.2 56.3 167 167 167
698.8 -385.4 386.0 219 219 219
417.8 -227.5 227.9 219 219 219
717.6 -363.1 363.8 220 220 220
555.2 -277.7 278.2 220 220 220
185.3 -86.6 86.8 199 199 199
27.8 -16.9 17.4 217 220 219
27.1 -16.3 16.7 218 221 220
589.9 -288.2 295.6 222 224 224
229.6 -106.0 108.7 195 195 195
179.5 -82.0 84.1 199 199 199
-41.5 -67.7 71.1 27 27 27
27.8 -16.5 17.4 217 220 219
27.1 -15.9 16.7 218 221 220
27.4 -15.8 16.6 218 221 220
223.2 -100.6 105.7 197 197 197
174.9 -77.9 81.9 199 199 199
-44.9 -68.6 73.9 106 106 106
-41.5 -66.0 71.1 30 30 30
-41.4 -68.6 73.9 14 18 15
191.2 -365.9 394.1 223 225 225
27.8 -16.1 17.4 218 221 220
27.1 -15.5 16.7 218 221 220
27.1 -15.3 16.4 218 221 220
589.9 -274.4 295.6 220 223 222
178.0 -77.4 83.3 197 197 197
-50.3 -81.2 89.7 21 21 21
191.2 -356.7 394.1 226 229 228
16.9 -9.7 10.7 217 220 219
27.8 -15.7 17.4 218 221 220
26.8 -14.7 16.3 218 221 220
589.9 -267.6 295.6 220 223 222
187.9 -79.6 88.0 197 197 197
-73.7 -115.9 131.4 31 33 33
-70.6 -115.9 131.4 168 170 169
-70.5 -120.9 137.1 181 184 183
-66.8 -120.0 136.1 180 183 182
191.2 -347.6 394.1 226 229 228
27.6 -15.2 17.2 218 221 220
27.4 -14.9 16.9 218 221 220
26.7 -14.3 16.2 218 221 220
619.0 -273.5 310.1 220 223 222
193.3 -79.8 90.5 197 197 197
-90.7 -138.8 161.7 23 24 23
-80.7 -128.9 150.1 176 176 176
-84.6 -141.3 164.5 180 183 182
-81.5 -142.5 165.9 180 183 182
27.1 -14.3 16.7 218 221 220
609.0 -262.0 305.1 220 223 222
-447.0 -232.4 278.2 27 27 27
-447.4 -246.9 295.6 107 107 105
-118.8 -169.9 203.4 23 24 23
-109.4 -162.9 195.0 25 25 23
-98.7 -153.4 183.7 164 164 164
-100.3 -162.9 195.0 178 178 178
-102.1 -173.7 207.9 179 182 181
27.3 -14.3 17.1 220 223 222
27.1 -13.9 16.7 220 223 222
26.5 -13.5 16.1 220 223 222
589.9 -246.9 295.6 220 223 222
-1086.9 -313.6 386.0 128 128 128
-926.6 -269.6 331.9 128 128 128
-918.9 -269.6 331.9 115 117 116
-911.2 -269.6 331.9 100 100 100
-887.9 -264.9 326.1 77 78 76
-872.7 -264.9 326.1 77 79 77
-850.5 -260.4 320.6 75 77 75
-857.6 -264.9 326.1 77 78 76
-1006.1 -313.6 386.0 37 40 39
-813.2 -260.4 320.6 182 185 184
-970.2 -313.6 386.0 188 188 188
-905.8 -295.5 363.8 69 71 69
-953.8 -320.1 394.1 73 73 73
-839.7 -284.5 350.3 73 73 73
-701.6 -240.1 295.6 66 67 65
-908.0 -320.1 394.1 60 60 60
-770.4 -274.4 337.8 70 70 70
-736.3 -264.9 326.1 75 76 76
-716.4 -260.4 320.6 75 76 76
-685.7 -251.9 310.1 77 77 77
-844.6 -313.6 386.0 74 75 73
-758.3 -284.5 350.3 85 86 84
-794.2 -301.3 370.9 144 144 144
-631.1 -256.1 315.3 43 45 44
-754.9 -313.6 386.0 62 61 60
-652.7 -274.4 337.8 58 59 59
-612.0 -260.4 320.6 53 53 53
-592.6 -279.4 343.9 59 59 59
-527.1 -251.9 310.1 59 59 59
-576.6 -279.4 343.9 54 54 54
-642.4 -320.1 394.1 32 33 31
-515.1 -260.4 320.6 21 24 22
-525.5 -269.6 331.9 30 29 29
-483.8 -251.9 310.1 27 27 27
-530.3 -284.5 350.3 111 111 111
-440.6 -240.1 295.6 99 98 96
-523.7 -289.9 356.9 60 60 60
-463.0 -260.4 320.6 39 39 39
-243.4 -313.6 386.0 98 98 98
-208.9 -279.4 343.9 68 70 69
-172.6 -240.1 295.6 28 28 28
-149.4 -216.4 266.4 27 27 27
-115.6 -174.6 215.0 174 174 174
-183.6 -289.9 356.9 179 182 181
-145.1 -240.1 295.6 180 183 182
16.7 -8.6 10.6 220 223 222
21.0 -10.5 12.9 220 223 222
21.1 -10.4 12.8 220 223 222
629.3 -256.1 315.3 220 223 222
-211.8 -310.9 394.1 164 167 166
21.0 -10.2 12.9 222 224 224
21.1 -10.1 12.8 222 224 224
619.0 -244.7 310.1 220 223 222
135.8 -49.1 62.2 196 196 196
142.8 -46.2 58.6 230 230 230
115.5 -47.6 62.2 219 222 221
165.6 -59.4 77.5 159 159 159
143.8 -51.0 66.6 194 194 194
138.5 -48.6 63.5 196 196 196
137.7 -47.8 62.4 197 197 197
158.6 -50.3 65.7 206 206 206
151.2 -47.5 62.0 229 229 229
165.6 -57.6 77.5 151 153 153
152.9 -52.6 70.8 192 192 192
146.4 -49.8 67.1 194 194 194
143.8 -48.4 65.2 196 196 196
166.1 -51.1 68.8 200 200 200
160.7 -48.9 65.9 224 226 226
158.9 -52.9 73.6 194 194 194
158.1 -52.1 72.5 192 192 192
171.7 -51.2 71.1 198 198 198
170.1 -50.2 69.8 231 231 231
-24.9 -8.6 12.3 53 52 52
72.0 -83.3 119.7 225 227 227
219.5 -82.3 118.2 223 225 225
589.9 -205.7 295.6 223 225 225
245.1 -80.8 116.1 110 110 110
264.6 -84.4 121.3 192 192 192
281.9 -89.0 127.8 196 196 196
33.5 -22.1 32.9 216 216 216
359.2 -115.7 172.0 195 195 195
62.4 -40.7 62.6 217 217 217
33.6 -21.4 33.0 217 217 217
34.3 -21.3 32.8 214 214 214
35.2 -21.4 33.0 206 209 208
35.8 -21.3 32.8 217 217 217
589.9 -192.0 295.6 220 223 222
403.2 -125.4 193.0 175 175 175
138.0 -41.1 63.3 190 190 190
158.6 -42.7 65.7 200 200 200
152.7 -40.7 62.6 232 232 232
152.1 -40.2 61.8 234 236 236
62.8 -39.5 63.1 217 217 217
63.9 -39.2 62.6 214 214 214
555.2 -174.2 278.2 220 223 222
583.2 -176.8 282.3 220 220 220
140.9 -40.4 64.6 190 190 190
526.9 -148.1 236.5 194 194 194
553.2 -153.9 245.7 194 194 194
544.7 -150.0 239.4 197 197 197
543.4 -148.1 236.5 197 197 197
159.7 -41.4 66.1 200 200 200
154.7 -39.8 63.5 230 229 227
153.6 -39.1 62.4 238 238 238
154.6 -39.0 62.2 110 112 111
-111.7 -125.4 207.9 163 166 165
580.9 -175.5 291.0 224 226 226
610.6 -178.2 295.6 220 220 220
645.4 -172.8 286.6 195 195 195
632.8 -167.8 278.2 197 197 197
177.0 -44.2 73.3 204 204 204
171.4 -42.4 70.3 232 232 232
171.1 -41.9 69.5 235 238 237
28.8 -8.9 15.3 222 224 224
589.9 -171.4 295.6 222 224 224
737.3 -206.9 356.9 222 224 224
676.1 -174.1 300.3 195 195 195
662.0 -168.7 291.0 198 198 198
658.7 -166.2 286.6 198 198 198
178.4 -42.8 73.9 199 199 199
16.8 -5.9 10.7 222 224 224
27.7 -8.4 15.1 222 224 224
28.2 -8.4 15.2 222 224 224
28.5 -8.4 15.2 222 224 224
28.6 -8.4 15.0 222 224 224
599.3 -167.1 300.3 223 225 225
734.4 -181.5 326.1 195 195 195
694.1 -169.8 305.1 198 198 198
690.0 -167.1 300.3 198 198 198
548.9 -131.6 236.5 200 200 200
202.8 -47.2 84.8 204 204 204
184.2 -42.5 76.3 194 194 194
16.8 -5.7 10.7 222 224 224
28.5 -8.1 15.2 223 225 225
28.5 -8.0 15.0 223 225 225
589.9 -157.6 295.6 223 225 225
225.1 -50.7 95.1 202 202 202
216.4 -48.3 90.5 205 205 205
179.8 -39.7 74.5 199 199 199
170.1 -37.2 69.8 234 234 234
16.8 -5.4 10.7 221 221 221
227.5 -50.0 98.0 199 199 199
230.9 -49.7 97.5 202 202 202
165.3 -34.6 67.8 226 229 228
158.9 -32.9 64.6 231 231 231
250.6 -50.5 99.0 71 71 71
247.7 -49.5 97.0 67 67 67
213.7 -49.2 101.2 78 78 78
182.0 -41.5 85.2 143 143 142
213.9 -47.2 97.0 189 189 189
204.6 -44.7 91.8 191 191 191
224.1 -47.5 97.5 196 196 196
222.9 -46.7 96.0 199 199 199
226.3 -47.0 96.5 202 202 202
225.1 -46.3 95.1 205 205 205
212.4 -43.2 88.8 205 205 205
246.7 -47.5 97.5 64 64 64
245.2 -46.7 96.0 67 67 67
228.9 -43.2 88.8 61 64 63
227.5 -45.4 98.0 197 197 197
233.3 -45.7 98.5 203 203 203
214.4 -41.6 89.7 203 203 203
199.4 -38.3 82.6 207 207 207
252.9 -45.9 99.0 67 67 67
234.4 -42.2 90.9 62 64 64
22.0 -6.1 13.9 220 220 220
21.9 -6.0 13.7 224 224 224
24.8 -6.1 13.9 221 221 221
339.5 -59.1 134.2 59 61 60
300.1 -51.7 117.5 66 66 66
22.1 -5.9 14.2 221 221 221
22.5 -5.9 14.2 221 221 221
22.7 -5.9 14.2 221 221 221
23.7 -5.9 14.2 225 225 225
24.1 -5.9 14.2 225 225 225
24.4 -5.9 14.2 225 227 227
24.7 -5.9 14.2 221 221 221
25.1 -5.9 14.2 221 221 221
25.4 -5.9 14.2 221 221 221
26.1 -5.9 14.2 225 225 225
26.4 -5.9 14.2 225 225 225
427.3 -71.1 170.4 34 36 34
22.6 -5.6 14.3 222 222 222
22.7 -5.6 14.2 222 222 222
24.1 -5.6 14.2 225 225 225
24.5 -5.6 14.2 225 225 225
25.5 -5.6 14.3 222 222 222
25.9 -5.6 14.3 222 222 222
26.3 -5.7 14.4 225 225 225
26.4 -5.6 14.2 225 225 225
22.0 -5.4 14.6 219 219 219
23.0 -5.4 14.6 222 222 222
26.1 -5.4 14.6 222 222 222
26.4 -5.4 14.6 222 222 222
26.7 -5.4 14.6 222 222 222
22.2 -5.1 14.7 220 220 220
23.0 -5.1 14.6 220 220 220
26.2 -5.2 14.8 224 224 224
26.5 -5.1 14.8 224 224 224
26.7 -5.1 14.7 224 224 224
26.9 -5.1 14.7 224 224 224
27.1 -5.1 14.6 220 220 220
21.6 -4.8 14.8 219 219 219
22.2 -4.9 15.0 219 219 219
22.4 -4.8 14.9 219 219 219
22.7 -4.8 14.8 218 218 218
23.0 -4.8 14.8 221 221 221
23.2 -4.8 14.7 221 221 221
24.9 -4.8 14.9 224 224 224
25.3 -4.8 14.9 224 224 224
25.6 -4.8 14.9 224 224 224
25.9 -4.8 14.9 224 224 224
26.4 -4.9 15.0 224 224 224
26.7 -4.8 14.9 224 224 224
27.0 -4.8 14.9 224 224 224
27.2 -4.8 14.8 224 224 224
27.5 -4.8 14.8 224 224 224
27.9 -4.8 14.8 224 224 224
28.4 -4.8 14.9 224 224 224
28.8 -4.9 15.0 224 224 224
29.2 -4.9 15.0 224 224 224
21.5 -4.5 15.0 214 216 216
22.0 -4.5 15.0 214 216 216
22.5 -4.6 15.2 219 219 219
22.6 -4.5 15.0 219 219 219
23.0 -4.5 15.0 219 219 219
23.4 -4.5 15.0 221 221 221
25.2 -4.5 15.1 221 221 221
25.7 -4.6 15.1 225 225 225
26.0 -4.6 15.1 225 225 225
26.4 -4.6 15.1 225 225 225
26.8 -4.6 15.2 225 225 225
27.0 -4.6 15.1 225 225 225
27.3 -4.5 15.1 225 225 225
27.5 -4.5 15.0 225 225 225
27.8 -4.5 15.0 225 225 225
28.7 -4.5 15.1 225 225 225
29.2 -4.6 15.2 225 225 225
29.5 -4.6 15.1 225 225 225
26.9 -4.1 14.8 222 222 222
27.2 -4.1 14.8 222 222 222
24.5 -3.5 12.6 225 225 225
19.1 -2.5 10.9 224 224 224
19.3 -2.5 10.9 224 224 224
21.0 -2.5 10.9 226 226 226
21.1 -2.5 10.8 226 226 226
21.0 -2.5 10.7 224 224 224
19.0 -2.3 10.9 225 225 225
19.1 -2.3 10.9 225 225 225
20.4 -2.3 10.9 224 224 224
20.9 -2.3 10.8 224 224 224
21.0 -2.2 10.8 224 224 224
21.0 -2.2 10.7 224 224 224
18.9 -2.0 10.9 225 225 225
19.1 -2.0 10.8 225 225 225
19.6 -2.0 10.8 225 225 225
19.7 -2.0 10.7 225 225 225
20.0 -2.0 10.7 225 225 225
20.2 -2.0 10.8 225 225 225
20.4 -2.0 10.7 225 225 225
20.8 -2.0 10.8 225 225 225
20.9 -2.0 10.7 225 225 225
21.0 -2.0 10.6 225 225 225
18.9 -1.7 10.7 226 226 226
19.1 -1.7 10.7 226 226 226
19.3 -1.7 10.7 226 226 226
19.5 -1.7 10.7 226 226 226
19.8 -1.7 10.6 226 226 226
20.0 -1.7 10.6 225 225 225
20.4 -1.7 10.6 225 225 225
20.7 -1.7 10.6 225 225 225
20.9 -1.7 10.6 225 225 225
20.7 -1.7 10.4 225 225 225
20.5 -1.6 10.1 225 225 225
19.0 -1.5 10.8 224 224 224
19.2 -1.5 10.7 226 226 226
19.5 -1.5 10.7 226 226 226
19.6 -1.5 10.7 226 226 226
19.9 -1.5 10.7 226 226 226
20.2 -1.5 10.7 226 226 226
20.4 -1.5 10.7 226 226 226
20.7 -1.5 10.7 226 226 226
20.8 -1.5 10.7 226 226 226
21.0 -1.5 10.6 226 226 226
20.4 -1.4 10.1 226 226 226
19.1 -1.2 10.8 219 222 221
19.7 -1.2 10.7 227 227 227
20.0 -1.2 10.8 226 226 226
21.0 -1.2 10.8 226 226 226
19.6 -0.5 10.7 226 226 226
1244.6 0.5 394.1 93 93 93
940.3 0.4 295.6 70 70 70
19.6 0.3 10.7 224 226 226
24.5 0.3 11.7 185 185 185
756.7 7.1 291.0 52 52 52
1127.2 8.7 356.9 212 213 212
911.8 7.0 286.6 216 216 216
1237.1 9.5 386.0 217 217 217
1272.1 9.7 394.1 215 215 215
1025.0 7.7 315.3 221 221 221
19.6 0.5 10.7 225 227 227
19.6 0.8 10.7 225 227 227
19.5 1.0 10.7 224 226 226
81.9 2.1 21.9 89 89 89
81.9 2.1 21.8 89 89 89
82.8 2.6 22.2 89 89 89
82.5 2.6 21.9 89 89 89
83.0 2.6 21.9 89 89 89
84.6 3.2 22.9 87 87 87
84.5 3.2 22.7 87 87 87
84.0 3.2 22.5 87 87 87
83.8 3.1 22.3 92 92 92
84.8 3.2 22.4 92 92 92
87.7 3.2 22.9 172 174 174
86.2 3.8 23.0 87 86 84
87.4 3.8 23.1 95 98 97
-143.0 29.9 53.4 144 144 144
-142.6 30.0 53.7 137 137 137
-141.7 30.1 53.9 132 132 132
-140.1 30.0 53.7 128 128 128
-138.4 30.0 53.6 131 131 131
-137.2 30.0 53.6 134 136 135
-136.3 30.0 53.7 140 140 140
-135.8 30.2 54.0 143 143 142
-134.2 30.1 53.9 148 148 148
-132.2 30.0 53.6 149 149 149
-130.2 29.8 53.3 150 150 150
-129.3 29.9 53.4 155 155 155
-117.5 29.7 53.1 23 23 22
-116.6 29.8 53.3 30 29 29
-116.3 30.0 53.7 54 54 54
-114.4 29.9 53.4 73 73 73
-113.5 30.0 53.6 79 79 79
-112.6 30.0 53.7 80 80 80
-112.3 30.3 54.2 81 81 81
-110.1 30.0 53.7 79 79 79
-107.0 29.5 52.8 80 80 80
-104.9 29.3 52.4 82 82 82
-104.5 29.5 52.8 81 81 81
-104.4 30.2 54.0 81 81 81
-103.2 30.2 54.0 81 81 81
-101.3 30.0 53.7 85 84 82
-99.2 29.8 53.3 83 83 83
-98.0 29.8 53.3 82 82 82
-100.6 31.4 56.1 86 85 83
-100.2 31.7 56.6 87 87 85
-93.6 30.0 53.6 89 89 89
-99.5 32.7 58.6 95 94 93
-90.6 30.2 54.0 101 103 103
-86.6 29.3 52.4 110 110 110
-90.5 31.5 56.3 121 123 122
-83.2 29.4 52.5 115 114 114
-80.9 29.0 51.8 111 113 112
-86.2 31.9 57.0 107 107 107
-79.9 30.0 53.6 106 106 106
-78.6 30.0 53.6 108 108 108
-81.2 33.1 59.1 115 115 115
-71.4 30.0 53.7 119 119 119
-69.9 30.0 53.6 124 127 126
-68.3 29.8 53.3 127 127 127
-67.6 30.0 53.7 235 235 235
-66.5 30.1 53.9 232 234 234
-64.0 29.5 52.8 225 225 225
-63.9 30.0 53.7 236 236 236
-62.8 30.1 53.9 228 228 228
-61.4 30.0 53.7 193 193 193
-62.6 31.3 56.0 107 109 109
-60.1 30.7 54.8 96 96 96
-56.0 29.9 53.4 91 91 91
-56.9 31.8 56.8 110 110 110
-52.3 29.9 53.4 113 115 114
-49.3 28.8 51.5 24 24 24
-151.3 34.4 59.1 133 133 133
-148.1 34.6 59.5 140 142 141
-146.7 34.6 59.5 138 140 139
-132.5 34.5 59.3 74 76 75
-516.4 136.0 233.5 82 81 79
-128.0 34.4 59.1 85 85 85
-127.0 34.5 59.3 89 89 89
-123.2 34.6 59.5 117 117 117
-120.7 34.3 58.9 120 122 121
-116.5 33.9 58.2 117 117 117
-445.9 137.7 236.5 98 98 98
-110.8 34.6 59.5 97 97 97
-372.7 121.1 207.9 96 95 94
-98.8 34.3 58.9 119 119 119
-400.9 141.2 242.5 129 129 129
-95.0 34.4 59.1 131 131 131
-93.0 34.2 58.7 129 129 129
-75.7 34.4 59.1 82 84 84
-72.3 34.1 58.6 218 218 218
-70.7 34.0 58.4 220 223 222
-70.2 34.4 59.1 125 125 125
-68.9 34.4 59.1 44 43 42
-66.8 34.8 59.7 74 74 74
-245.0 136.0 233.5 69 69 69
-56.3 33.5 57.5 96 96 96
-198.6 137.7 236.5 166 166 166
-190.7 136.0 233.5 149 149 149
-159.6 117.2 201.2 144 144 144
-560.6 120.6 199.1 44 43 42
-567.9 123.2 203.4 41 41 41
-551.3 120.6 199.1 42 42 42
-558.5 123.2 203.4 36 37 36
-553.7 123.2 203.4 42 42 42
-543.2 121.9 201.2 134 136 135
-544.3 123.2 203.4 144 144 144
-539.6 123.2 203.4 140 140 140
-518.1 119.3 197.0 131 131 131
-518.9 120.6 199.1 124 126 125
-519.8 121.9 201.2 122 122 122
-504.4 119.3 197.0 124 124 124
-521.5 124.5 205.6 126 129 128
-505.8 121.9 201.2 133 133 133
-490.6 119.3 197.0 132 132 132
-491.2 120.6 199.1 126 129 128
-513.6 127.3 210.2 126 129 128
-497.6 124.5 205.6 129 132 131
-477.3 120.6 199.1 128 130 129
-458.2 116.9 193.0 123 123 123
-458.4 118.1 195.0 122 122 122
-483.8 125.9 207.9 122 122 122
-454.0 119.3 197.0 131 134 133
-474.1 125.9 207.9 104 104 104
-474.5 127.3 210.2 89 89 89
-491.5 133.2 220.0 86 86 86
-492.1 134.8 222.5 87 87 87
-454.8 125.9 207.9 93 92 91
-422.1 118.1 195.0 94 93 92
-450.1 127.3 210.2 100 102 102
-465.9 133.2 220.0 106 106 106
-440.3 127.3 210.2 110 112 111
-408.2 119.3 197.0 115 114 114
-399.5 118.1 195.0 122 124 123
-416.4 124.5 205.6 129 129 129
-416.1 125.9 207.9 134 137 136
-389.9 119.3 197.0 141 141 141
-397.7 123.2 203.4 141 141 141
-401.6 125.9 207.9 131 131 131
-440.4 139.7 230.7 120 120 120
-410.0 131.7 217.4 115 115 115
-352.3 114.6 189.2 108 108 108
-362.4 119.3 197.0 101 103 103
-381.7 127.3 210.2 101 103 103
-364.6 123.2 203.4 101 101 101
-348.7 119.3 197.0 101 103 103
-344.1 119.3 197.0 101 103 103
-362.1 127.3 210.2 103 105 105
-334.9 119.3 197.0 112 114 113
-341.0 123.2 203.4 121 121 121
-363.6 133.2 220.0 130 130 130
-317.9 118.1 195.0 136 138 137
-326.8 123.2 203.4 136 138 137
-351.4 136.4 225.2 136 138 137
-323.1 127.3 210.2 136 138 137
-270.1 108.1 178.5 140 140 140
-276.4 112.3 185.5 143 143 142
-289.1 119.3 197.0 145 145 144
-321.4 134.8 222.5 140 140 140
-298.6 127.3 210.2 130 130 130
-269.8 116.9 193.0 90 89 88
-250.0 110.2 181.9 71 72 70
-234.5 105.1 173.5 73 74 72
-251.2 114.6 189.2 71 72 70
-249.3 115.7 191.1 73 74 72
-247.3 116.9 193.0 73 74 72
-255.9 123.2 203.4 159 159 159
-253.9 124.5 205.6 81 84 83
-301.6 150.7 248.9 80 83 82
-267.6 136.4 225.2 51 51 51
-227.2 118.1 195.0 40 42 42
-203.8 108.1 178.5 67 69 67
-207.5 112.3 185.5 71 71 71
-205.2 113.4 187.3 73 73 73
-241.4 136.4 225.2 72 72 72
-236.2 136.4 225.2 71 71 71
-202.1 119.3 197.0 70 70 70
-172.4 104.1 172.0 70 72 72
-196.0 127.3 210.2 177 177 177
-193.3 128.7 212.5 160 160 160
-192.7 131.7 217.4 147 147 147
-185.5 130.2 215.0 151 151 151
-180.5 130.2 215.0 116 116 116
-177.5 131.7 217.4 144 144 144
-141.6 108.1 178.5 143 143 142
-136.1 107.1 176.8 131 134 133
-151.9 123.2 203.4 128 128 128
-148.8 124.5 205.6 125 125 125
-159.6 138.0 227.9 122 122 122
-131.6 121.9 201.2 100 100 100
-132.5 127.3 210.2 151 153 153
-118.4 118.1 195.0 177 180 179
-103.3 107.1 176.8 183 183 183
-95.6 103.2 170.4 183 183 183
-58.6 125.9 207.9 80 83 82
-51.0 119.3 197.0 73 73 73
92.7 143.2 236.5 57 58 56
91.4 133.2 220.0 67 67 67
90.2 124.5 205.6 77 77 77
80.9 106.1 175.2 84 83 81
125.0 125.9 207.9 75 76 74
-522.1 116.6 185.5 42 42 42
-465.1 112.2 178.5 116 118 117
-460.9 112.2 178.5 115 117 116
-456.8 112.2 178.5 116 118 117
-461.4 114.4 181.9 120 120 120
-448.5 112.2 178.5 121 121 121
-444.4 112.2 178.5 121 121 121
-436.1 111.2 176.8 117 119 118
-448.8 115.5 183.7 118 120 119
-444.5 115.5 183.7 118 120 119
-427.8 112.2 178.5 118 120 119
-423.6 112.2 178.5 117 117 117
-411.7 110.1 175.2 110 112 111
-411.4 111.2 176.8 126 126 126
-411.2 112.2 178.5 139 139 139
-427.2 117.8 187.3 98 98 98
-418.7 116.6 185.5 94 93 92
-402.5 113.3 180.2 92 91 90
-426.8 121.4 193.0 94 93 92
-394.1 113.3 180.2 94 94 94
-382.7 111.2 176.8 98 98 98
-397.1 116.6 185.5 102 104 104
-392.8 116.6 185.5 108 108 108
-373.8 112.2 178.5 108 108 108
-373.2 113.3 180.2 111 111 111
-365.5 112.2 178.5 111 113 112
-364.8 113.3 180.2 122 124 123
-357.2 112.2 178.5 143 143 142
-349.8 111.2 176.8 136 138 137
-355.7 114.4 181.9 133 133 133
-348.1 113.3 180.2 102 104 104
-343.9 113.3 180.2 101 101 101
-339.7 113.3 180.2 99 99 99
-326.2 110.1 175.2 103 105 105
-334.5 114.4 181.9 103 105 105
-327.2 113.3 180.2 107 107 107
-332.5 116.6 185.5 103 105 105
-315.8 112.2 178.5 107 107 107
-308.7 111.2 176.8 103 105 105
-319.5 116.6 185.5 102 104 104
-300.5 111.2 176.8 109 109 109
-299.2 112.2 178.5 118 118 118
-322.4 122.6 195.0 130 130 130
-321.2 123.9 197.0 134 137 136
-307.0 120.2 191.1 137 139 138
-293.7 116.6 185.5 137 139 138
-289.4 116.6 185.5 144 144 144
-293.7 120.2 191.1 149 149 149
-278.0 115.5 183.7 149 151 151
-263.5 111.2 176.8 149 151 151
-259.4 111.2 176.8 149 151 151
-260.2 113.3 180.2 149 151 151
-260.9 115.5 183.7 141 141 141
-254.2 114.4 181.9 119 119 119
-245.3 112.2 178.5 102 102 102
-241.1 112.2 178.5 82 84 84
-237.0 112.2 178.5 70 72 69
-232.8 112.2 178.5 78 78 78
-230.8 113.3 180.2 82 84 84
-235.6 117.8 187.3 83 85 85
-229.0 116.6 185.5 79 79 79
-224.7 116.6 185.5 69 71 69
-220.4 116.6 185.5 44 44 44
-209.9 113.3 180.2 33 33 31
-203.8 112.2 178.5 67 68 66
-197.8 111.2 176.8 58 59 59
-193.7 111.2 176.8 59 59 59
-204.9 120.2 191.1 64 65 63
-196.4 117.8 187.3 59 59 59
-176.4 108.1 172.0 55 55 55
-166.3 104.3 165.9 49 49 49
-178.1 114.4 181.9 130 130 130
-170.6 112.2 178.5 161 164 163
-163.4 110.1 175.2 136 138 137
-170.3 117.8 187.3 134 134 134
-164.3 116.6 185.5 164 164 164
-152.6 111.2 176.8 175 175 175
-167.2 125.2 199.1 166 166 166
-159.2 122.6 195.0 149 149 149
-145.7 115.5 183.7 143 143 142
-133.6 109.1 173.5 131 134 133
-139.9 117.8 187.3 128 128 128
-100.1 112.2 178.5 187 189 189
-57.7 119.0 189.2 164 164 164
-52.3 116.6 185.5 53 53 53
-44.9 109.1 173.5 61 60 59
-40.5 108.1 172.0 55 55 55
82.7 125.2 199.1 66 66 66
80.6 115.5 183.7 78 78 78
71.0 96.7 153.8 86 85 83
80.5 104.3 165.9 88 88 86
112.7 122.6 195.0 64 65 63
103.4 108.1 172.0 77 78 76
-348.7 128.5 197.0 117 117 117
-367.1 146.8 225.2 132 132 132
-330.4 134.1 205.6 136 138 137
-363.4 154.2 236.5 150 150 150
-345.0 148.6 227.9 176 176 176
-282.0 123.4 189.2 177 180 179
-301.2 156.1 239.4 99 98 96
-284.9 150.4 230.7 93 93 93
-281.0 154.2 236.5 44 44 44
-275.5 154.2 236.5 34 34 34
-270.0 154.2 236.5 116 116 116
-227.5 132.6 203.4 129 129 129
-253.5 154.2 236.5 142 144 143
-239.1 148.6 227.9 141 143 142
-178.0 113.2 173.5 151 151 151
-240.6 160.2 245.7 165 168 167
-180.8 123.4 189.2 155 155 155
-193.1 154.2 236.5 106 108 108
-180.8 148.6 227.9 168 168 168
-56.7 131.2 201.2 242 244 244
-44.5 112.1 172.0 238 238 238
102.1 160.2 245.7 68 68 68
84.7 125.9 193.0 80 80 80
66.7 94.2 144.4 87 86 84
166.6 195.8 300.3 27 28 26
115.1 129.8 199.1 73 73 73
101.6 110.1 168.9 78 80 78
68.8 100.6 148.9 87 87 85
-250.1 75.1 107.5 132 132 132
-230.1 75.1 107.5 126 129 128
-187.3 75.9 108.7 126 128 127
-179.6 73.8 105.7 125 125 125
-164.6 75.9 108.7 237 237 237
-160.4 76.4 109.3 202 202 202
-140.1 76.4 109.3 138 140 139
-135.2 75.1 107.5 151 151 151
-132.5 76.4 109.3 83 83 83
-135.2 81.1 116.1 22 22 22
-122.7 75.1 107.5 146 148 148
-108.4 75.5 108.1 164 167 166
57.0 68.8 98.5 72 73 71
64.6 72.2 103.4 82 84 84
-259.5 151.7 210.2 160 160 160
-234.2 142.2 197.0 29 29 29
-220.4 136.5 189.2 28 28 28
-218.1 140.8 195.0 22 22 22
-43.6 166.5 230.7 234 234 234
166.6 216.7 300.3 29 30 28
125.7 156.9 217.4 74 75 73
-270.0 176.2 236.5 53 53 53
-264.5 176.2 236.5 8 9 8
-45.2 178.4 239.4 189 189 189
-33.7 151.5 203.4 179 182 181
214.2 287.6 386.0 29 29 29
133.4 171.9 230.7 80 80 80
-37.3 173.0 225.2 175 175 175
-934.3 262.7 331.9 48 47 46
-748.4 249.6 315.3 139 139 139
-751.1 293.6 370.9 143 143 142
-688.2 311.9 394.1 106 108 108
-665.1 305.6 386.0 106 108 108
-568.6 272.2 343.9 96 96 96
-505.5 245.5 310.1 96 96 96
-533.2 262.7 331.9 90 90 90
-534.9 267.4 337.8 108 110 110
-536.6 272.2 343.9 142 144 143
-519.2 267.4 337.8 190 190 190
-485.3 253.8 320.6 191 191 191
-486.1 258.2 326.1 174 174 174
-471.5 262.7 331.9 180 180 180
-463.8 262.7 331.9 166 166 166
-491.5 287.9 363.8 166 166 166
-523.3 311.9 394.1 120 122 121
-449.0 282.5 356.9 71 72 70
-382.9 245.5 310.1 60 60 60
-332.3 230.4 291.0 49 48 47
-311.2 220.2 278.2 14 14 14
-351.2 253.8 320.6 11 16 13
-375.6 277.3 350.3 32 32 32
-310.0 234.0 295.6 95 98 97
-316.0 249.6 315.3 161 160 158
-294.0 237.7 300.3 165 165 165
-287.0 237.7 300.3 113 115 114
-324.6 282.5 356.9 186 185 184
-274.8 245.5 310.1 159 162 161
-286.0 277.3 350.3 147 147 147
-252.4 305.6 386.0 102 102 102
-83.3 234.0 295.6 47 47 47
-83.6 311.9 394.1 198 198 198
-56.7 237.7 300.3 192 192 192
-38.2 182.6 230.7 62 62 62
21.4 253.8 320.6 107 107 107
27.0 237.7 300.3 110 110 110
141.4 220.2 278.2 86 88 88
-806.9 233.5 286.6 29 29 29
-812.6 237.1 291.0 28 27 26
-805.8 237.1 291.0 30 30 30
-799.0 237.1 291.0 25 27 25
-792.3 237.1 291.0 26 27 25
-785.5 237.1 291.0 30 30 30
-790.9 240.8 295.6 84 84 84
-772.0 237.1 291.0 91 91 91
-765.2 237.1 291.0 133 133 133
-758.5 237.1 291.0 140 142 141
-751.7 237.1 291.0 123 123 123
-744.9 237.1 291.0 132 132 132
-738.2 237.1 291.0 161 161 161
-720.3 233.5 286.6 135 135 135
-713.7 233.5 286.6 140 142 141
-717.9 237.1 291.0 136 136 136
-722.2 240.8 295.6 141 143 142
-704.3 237.1 291.0 143 145 144
-697.6 237.1 291.0 149 149 149
-670.2 230.0 282.3 154 154 154
-673.7 233.5 286.6 157 157 157
-677.3 237.1 291.0 182 182 182
-681.0 240.8 295.6 160 163 162
-684.8 244.6 300.3 151 151 151
-657.0 237.1 291.0 138 138 138
-640.4 233.5 286.6 132 135 134
-653.5 240.8 295.6 132 135 134
-636.7 237.1 291.0 139 139 139
-611.1 230.0 282.3 139 139 139
-623.2 237.1 291.0 145 145 144
-607.1 233.5 286.6 146 148 148
-609.6 237.1 291.0 146 148 148
-593.7 233.5 286.6 145 145 144
-605.4 240.8 295.6 141 141 141
-617.9 248.6 305.1 132 135 134
-582.6 237.1 291.0 131 134 133
-575.8 237.1 291.0 130 130 130
-578.0 240.8 295.6 125 125 125
-562.3 237.1 291.0 124 124 124
-555.5 237.1 291.0 120 122 121
-540.5 233.5 286.6 120 122 121
-542.0 237.1 291.0 119 121 120
-543.6 240.8 295.6 117 117 117
-536.7 240.8 295.6 126 126 126
-529.9 240.8 295.6 102 102 102
-492.2 226.7 278.2 100 99 97
-550.5 256.9 315.3 87 86 84
-525.7 248.6 305.1 99 98 96
-494.7 237.1 291.0 104 104 104
-495.5 240.8 295.6 101 100 98
-488.6 240.8 295.6 106 106 106
-467.2 233.5 286.6 126 126 126
-453.6 230.0 282.3 131 133 132
-468.0 240.8 295.6 139 139 139
-454.1 237.1 291.0 149 149 149
-454.3 240.8 295.6 170 171 170
-427.4 230.0 282.3 170 171 170
-427.2 233.5 286.6 167 167 167
-420.5 233.5 286.6 158 161 160
-413.9 233.5 286.6 173 173 173
-419.9 240.8 295.6 175 175 175
-406.7 237.1 291.0 169 169 169
-406.2 240.8 295.6 101 100 98
-412.2 248.6 305.1 71 72 70
-392.5 240.8 295.6 73 74 72
-368.3 230.0 282.3 73 74 72
-378.7 240.8 295.6 71 72 70
-377.8 244.6 300.3 67 67 67
-338.5 223.4 274.1 56 57 55
-347.3 233.5 286.6 48 48 48
-325.8 223.4 274.1 37 40 39
-329.0 230.0 282.3 36 37 36
-313.0 223.4 274.1 51 51 51
-298.0 217.1 266.4 10 10 10
-314.0 233.5 286.6 10 10 10
-316.9 240.8 295.6 50 50 50
-287.6 223.4 274.1 135 135 135
-277.2 220.2 270.2 168 168 168
-291.7 237.1 291.0 156 156 156
-276.5 230.0 282.3 150 150 150
-258.3 220.2 270.2 78 78 78
-275.7 240.8 295.6 190 190 190
-268.8 240.8 295.6 180 183 182
-250.2 230.0 282.3 162 165 164
-247.3 233.5 286.6 153 152 150
-273.9 265.7 326.1 148 148 148
-241.3 240.8 295.6 149 149 147
-217.5 223.4 274.1 150 150 150
-231.2 244.6 300.3 153 153 153
-224.2 244.6 300.3 154 156 156
-213.8 240.8 295.6 111 111 111
-207.0 240.8 295.6 104 104 104
-200.1 240.8 295.6 96 99 98
-202.7 252.7 310.1 97 100 99
-186.4 240.8 295.6 107 109 109
-176.7 237.1 291.0 107 109 109
-170.0 237.1 291.0 168 167 166
-163.2 237.1 291.0 167 167 167
-156.4 237.1 291.0 170 171 170
-149.7 237.1 291.0 171 173 173
-140.7 233.5 286.6 178 178 178
-134.1 233.5 286.6 185 185 185
-131.4 240.8 295.6 168 170 169
-122.6 237.1 291.0 37 39 37
-115.9 237.1 291.0 147 147 147
-109.1 237.1 291.0 112 112 112
-105.6 244.6 300.3 37 38 37
-95.6 237.1 291.0 38 38 38
-90.2 240.8 295.6 43 42 41
-77.3 223.4 274.1 44 43 42
-63.5 200.2 245.7 47 48 47
-65.5 226.7 278.2 51 51 51
-69.2 265.7 326.1 162 165 164
-51.0 220.2 270.2 198 198 198
-37.8 185.7 227.9 66 66 66
-40.2 230.0 282.3 65 65 65
-30.1 205.5 252.2 66 66 66
-1.0 265.7 326.1 68 68 68
5.7 230.0 282.3 74 74 74
12.7 237.1 291.0 70 70 70
19.1 233.5 286.6 69 68 67
25.0 226.7 278.2 63 63 63
131.7 211.1 259.1 96 96 96
154.7 237.1 291.0 93 93 93
184.1 270.4 331.9 32 33 31
142.0 200.2 245.7 80 82 79
135.4 183.5 225.2 94 97 96
211.3 265.7 326.1 91 93 92
189.5 230.0 282.3 86 86 86
205.2 240.8 295.6 40 40 40
205.7 233.5 286.6 43 45 44
-859.0 255.7 305.1 34 34 34
-895.2 268.7 320.6 31 31 31
-887.8 268.7 320.6 28 28 26
-880.3 268.7 320.6 26 27 25
-953.7 293.6 350.3 26 27 25
-973.4 304.9 363.8 64 65 63
-850.5 268.7 320.6 9 14 10
-843.0 268.7 320.6 10 15 11
-835.6 268.7 320.6 19 19 19
-828.1 268.7 320.6 27 29 27
-820.7 268.7 320.6 53 53 53
-813.2 268.7 320.6 100 102 102
-792.4 264.2 315.3 100 102 102
-785.0 264.2 315.3 169 169 169
-804.5 273.3 326.1 156 159 158
-825.4 283.1 337.8 149 149 149
-789.4 273.3 326.1 159 162 161
-768.5 268.7 320.6 155 155 155
-748.4 264.2 315.3 172 172 172
-741.1 264.2 315.3 179 178 176
-759.0 273.3 326.1 175 175 175
-792.4 288.2 343.9 174 174 174
-770.4 283.1 337.8 160 160 160
-711.7 264.2 315.3 137 137 137
-704.4 264.2 315.3 126 126 126
-721.1 273.3 326.1 138 138 138
-701.5 268.7 320.6 162 162 162
-682.4 264.2 315.3 154 154 154
-675.1 264.2 315.3 156 156 156
-667.8 264.2 315.3 143 143 142
-683.2 273.3 326.1 143 143 142
-653.1 264.2 315.3 134 137 136
-745.1 304.9 363.8 126 126 126
-696.5 288.2 343.9 119 121 120
-641.8 268.7 320.6 125 125 125
-645.3 273.3 326.1 125 125 125
-637.7 273.3 326.1 121 123 122
-619.5 268.7 320.6 121 123 122
-612.0 268.7 320.6 119 121 120
-594.5 264.2 315.3 119 121 120
-607.4 273.3 326.1 118 118 118
-589.7 268.7 320.6 108 110 110
-592.3 273.3 326.1 99 98 96
-584.7 273.3 326.1 89 89 87
-548.7 259.9 310.1 99 98 96
-647.7 310.8 370.9 101 100 98
-592.6 288.2 343.9 99 98 96
-545.0 268.7 320.6 99 98 96
-556.4 278.1 331.9 134 136 135
-530.1 268.7 320.6 145 147 147
-497.3 255.7 305.1 146 148 148
-498.3 259.9 310.1 139 139 139
-507.7 268.7 320.6 160 163 162
-500.2 268.7 320.6 177 177 177
-492.8 268.7 320.6 177 177 177
-469.4 259.9 310.1 179 178 176
-469.9 264.2 315.3 181 181 181
-470.4 268.7 320.6 182 182 182
-455.3 264.2 315.3 115 114 114
-463.4 273.3 326.1 77 77 77
-455.8 273.3 326.1 77 77 77
-464.2 283.1 337.8 73 74 72
-464.7 288.2 343.9 71 72 70
-433.1 273.3 326.1 71 72 70
-404.6 259.9 310.1 71 72 70
-448.9 293.6 350.3 69 71 69
-410.3 273.3 326.1 66 66 66
-376.8 255.7 305.1 59 59 59
-395.2 273.3 326.1 47 48 47
-368.5 259.9 310.1 34 34 34
-367.3 264.2 315.3 34 34 34
-337.5 247.7 295.6 56 56 56
-330.6 247.7 295.6 14 14 14
-345.3 264.2 315.3 14 14 14
-349.7 273.3 326.1 64 65 63
-320.0 255.7 305.1 170 172 172
-308.0 251.6 300.3 142 144 143
-316.0 264.2 315.3 156 156 156
-294.0 251.6 300.3 155 155 155
-287.0 251.6 300.3 91 94 93
-326.7 293.6 350.3 189 189 187
-307.2 283.1 337.8 181 184 183
-274.8 259.9 310.1 160 163 162
-305.5 304.9 363.8 150 150 148
-261.8 268.7 320.6 147 147 147
-238.2 251.6 300.3 152 152 152
-256.8 288.2 343.9 147 147 147
-248.8 288.2 343.9 113 115 114
-220.8 264.2 315.3 106 106 106
-237.2 293.6 350.3 96 99 98
-233.3 299.1 356.9 95 98 97
-172.3 268.7 320.6 170 172 172
-164.9 268.7 320.6 171 173 173
-152.3 259.9 310.1 176 176 176
-127.6 268.7 320.6 147 147 147
-120.2 268.7 320.6 63 63 63
-118.8 283.1 337.8 33 35 33
-105.3 268.7 320.6 33 35 34
-97.8 268.7 320.6 37 38 37
-84.6 251.6 300.3 40 40 40
-74.2 264.2 315.3 51 51 51
-78.7 310.8 370.9 118 118 118
-55.8 247.7 295.6 212 213 212
-42.3 214.2 255.6 94 94 94
-49.9 293.6 350.3 67 67 67
-34.7 243.9 291.0 64 64 64
6.3 259.9 310.1 77 80 79
14.0 268.7 320.6 79 82 81
20.1 251.6 300.3 80 83 82
26.2 243.9 291.0 88 88 88
148.0 243.9 291.0 96 96 96
157.1 247.7 295.6 91 93 92
205.8 310.8 370.9 39 39 39
241.1 323.5 386.0 100 100 100
222.8 288.2 343.9 94 97 96
198.4 247.7 295.6 90 90 90
238.8 288.2 343.9 36 35 34
212.1 247.7 295.6 32 33 31
211.8 284.1 305.1 23 23 23
193.9 251.6 270.2 21 21 21
28.1 11.4 12.2 206 206 206
28.3 11.4 12.2 206 206 206
176.3 234.4 245.7 11 16 13
27.8 11.6 12.2 205 205 205
28.0 11.6 12.2 206 206 206
28.3 11.6 12.2 209 209 209
169.7 231.1 236.5 13 17 14
271.5 396.2 378.3 33 33 33
-34.1 224.9 205.6 180 180 180
-926.3 440.2 394.1 110 112 111
-880.5 422.6 378.3 103 102 100
-889.5 431.2 386.0 97 97 97
-862.9 422.6 378.3 94 94 94
-821.2 406.3 363.8 56 56 56
-828.7 414.3 370.9 53 52 52
-774.5 391.3 350.3 57 57 57
-844.6 431.2 386.0 57 57 57
-787.4 406.3 363.8 58 59 59
-826.7 431.2 386.0 61 63 61
-801.3 422.6 378.3 64 64 64
-762.1 406.3 363.8 65 66 64
-783.7 422.6 378.3 69 69 69
-807.2 440.2 394.1 69 69 69
-781.8 431.2 386.0 69 69 69
-757.4 422.6 378.3 69 69 69
-763.8 431.2 386.0 67 67 67
-770.6 440.2 394.1 67 67 67
-731.0 422.6 378.3 67 67 67
-722.2 422.6 378.3 68 68 68
-728.0 431.2 386.0 67 67 67
-734.0 440.2 394.1 67 67 67
-695.8 422.6 378.3 69 69 69
-673.5 414.3 370.9 72 73 71
-664.9 414.3 370.9 72 73 71
-631.5 398.7 356.9 74 75 73
-679.0 440.2 394.1 16 20 17
-618.3 406.3 363.8 16 16 16
-634.3 422.6 378.3 16 16 16
-579.1 391.3 350.3 16 16 16
-560.6 384.2 343.9 14 14 14
-620.3 431.2 386.0 11 11 11
-599.1 422.6 378.3 14 14 14
-567.6 406.3 363.8 16 16 16
-559.1 406.3 363.8 30 30 30
-540.3 398.7 356.9 73 73 73
-563.9 422.6 378.3 87 87 85
-544.2 414.3 370.9 87 87 85
-546.3 422.6 378.3 91 91 91
-537.5 422.6 378.3 97 96 94
-508.4 406.3 363.8 93 93 93
-519.9 422.6 378.3 96 95 94
-511.1 422.6 378.3 74 74 74
-512.6 431.2 386.0 80 80 80
-485.7 431.2 386.0 113 115 114
-440.7 398.7 356.9 93 92 91
-477.5 440.2 394.1 175 175 175
-468.3 440.2 394.1 41 41 41
-408.1 391.3 350.3 30 30 30
-337.5 330.1 295.6 30 30 30
-399.3 398.7 356.9 87 87 85
-414.4 422.6 378.3 89 89 89
-413.9 431.2 386.0 85 84 82
-320.0 340.8 305.1 77 77 77
-303.4 440.2 394.1 140 140 140
-294.3 440.2 394.1 133 133 133
-273.7 422.6 378.3 124 127 126
-254.7 406.3 363.8 123 125 124
-266.8 440.2 394.1 102 102 102
-257.6 440.2 394.1 77 77 77
-243.4 431.2 386.0 42 44 42
-211.8 440.2 394.1 95 95 95
-194.6 422.6 378.3 136 136 136
-189.6 431.2 386.0 150 152 152
-173.5 414.3 370.9 173 175 175
-171.6 431.2 386.0 181 181 181
-159.4 422.6 378.3 154 154 154
-144.8 406.3 363.8 186 186 186
-141.8 422.6 378.3 191 191 191
-133.0 422.6 378.3 210 210 210
-115.0 391.3 350.3 214 214 214
-113.2 414.3 370.9 212 213 212
-86.0 340.8 305.1 215 218 217
-97.8 422.6 378.3 215 218 217
-89.1 422.6 378.3 215 218 217
-83.6 440.2 394.1 210 210 210
-55.8 330.1 295.6 208 208 208
-41.2 278.0 248.9 182 182 182
-71.5 431.4 378.3 203 205 205
-67.4 415.2 356.9 189 189 189
-72.9 458.1 386.0 172 174 174
-19.1 158.3 115.3 157 157 157
-7.7 110.5 80.5 140 140 140
-5.8 109.6 79.8 145 147 147
-3.8 106.9 77.8 152 152 152
-20.0 168.2 120.5 146 148 148
-13.8 135.4 97.0 140 140 140
-10.2 120.0 86.0 133 133 133
-8.0 116.3 83.3 137 136 135
-6.0 115.3 82.6 148 150 150
-3.9 110.0 78.8 153 153 153
29.8 17.0 12.0 210 210 210
30.0 17.4 12.1 216 219 218
29.2 17.9 12.2 204 207 206
29.4 17.9 12.2 208 208 208
30.0 17.9 12.2 216 216 216
29.4 18.1 12.2 204 207 206
