ply
format ascii 1.0
element vertex 5065
property float x
property float y
property float z
property uchar red
property uchar green
property uchar blue
end_header
-232.8 -862.9 343.9 154 154 154
-224.9 -862.9 343.9 152 152 152
-216.9 -862.9 343.9 151 151 151
-208.9 -862.9 343.9 151 151 151
-204.6 -878.9 350.3 149 149 149
-192.9 -862.9 343.9 149 149 149
-184.9 -862.9 343.9 147 147 147
-176.9 -862.9 343.9 145 145 144
-168.9 -862.9 343.9 143 143 142
-160.9 -862.9 343.9 143 145 144
-152.9 -862.9 343.9 141 143 142
-147.6 -878.9 350.3 139 141 140
-139.5 -878.9 350.3 140 140 140
-131.3 -878.9 350.3 141 141 141
-123.2 -878.9 350.3 140 140 140
-115.0 -878.9 350.3 138 138 138
-104.9 -862.9 343.9 140 140 140
-96.9 -862.9 343.9 144 144 144
-89.0 -862.9 343.9 144 144 144
-81.0 -862.9 343.9 144 146 146
-74.3 -878.9 350.3 144 146 146
-65.0 -862.9 343.9 144 146 146
-57.0 -862.9 343.9 144 146 146
-49.0 -862.9 343.9 144 146 146
-41.0 -862.9 343.9 144 146 146
-33.0 -862.9 343.9 145 147 147
-25.0 -862.9 343.9 145 147 147
-17.0 -862.9 343.9 145 147 147
-9.0 -862.9 343.9 149 149 149
-1.0 -862.9 343.9 148 148 148
7.0 -862.9 343.9 148 148 148
15.0 -862.9 343.9 148 148 148
23.0 -862.9 343.9 148 148 148
31.0 -862.9 343.9 152 152 152
39.0 -862.9 343.9 149 149 149
47.0 -862.9 343.9 147 147 147
54.9 -862.9 343.9 149 149 149
62.9 -862.9 343.9 152 152 152
69.7 -847.5 337.8 151 151 151
78.9 -862.9 343.9 153 153 153
88.5 -878.9 350.3 153 153 153
94.9 -862.9 343.9 154 156 156
102.9 -862.9 343.9 154 156 156
110.9 -862.9 343.9 154 156 156
118.9 -862.9 343.9 154 156 156
126.9 -862.9 343.9 154 156 156
134.9 -862.9 343.9 153 155 155
142.9 -862.9 343.9 153 155 155
150.9 -862.9 343.9 153 155 155
158.9 -862.9 343.9 156 159 158
166.9 -862.9 343.9 155 158 157
174.9 -862.9 343.9 160 160 160
182.9 -862.9 343.9 160 160 160
194.4 -878.9 350.3 159 159 159
198.8 -862.9 343.9 159 159 159
206.8 -862.9 343.9 159 159 159
218.8 -878.9 350.3 161 161 161
218.8 -847.5 337.8 161 161 161
230.8 -862.9 343.9 161 161 161
238.8 -862.9 343.9 162 162 162
246.8 -862.9 343.9 162 162 162
254.8 -862.9 343.9 162 162 162
262.8 -862.9 343.9 162 162 162
270.8 -862.9 343.9 160 160 160
269.0 -832.7 331.9 160 160 160
276.7 -832.7 331.9 162 162 162
294.8 -862.9 343.9 162 162 162
302.8 -862.9 343.9 160 160 160
310.8 -862.9 343.9 163 163 163
318.8 -862.9 343.9 165 165 165
332.8 -878.9 350.3 166 166 166
347.4 -895.5 356.9 166 166 166
349.1 -878.9 350.3 161 161 161
350.7 -862.9 343.9 163 163 163
358.7 -862.9 343.9 163 163 163
366.7 -862.9 343.9 164 164 164
361.6 -832.7 331.9 164 164 164
375.9 -847.5 337.8 164 164 164
390.7 -862.9 343.9 164 164 164
398.7 -862.9 343.9 164 164 164
406.7 -862.9 343.9 162 162 162
407.3 -847.5 337.8 162 162 162
422.7 -862.9 343.9 162 162 162
438.6 -878.9 350.3 162 162 162
438.7 -862.9 343.9 162 162 162
438.7 -847.5 337.8 162 162 162
480.9 -912.7 363.8 157 160 159
471.2 -878.9 350.3 157 160 159
126.5 -201.1 80.2 156 159 158
54.0 -76.8 30.6 159 162 161
54.7 -76.8 30.6 159 162 161
56.3 -78.1 31.1 158 158 158
56.9 -77.8 31.0 158 158 158
163.4 -627.0 252.2 161 161 161
209.5 -681.5 274.1 162 162 162
222.2 -681.5 274.1 165 165 165
219.1 -653.1 262.7 165 165 165
231.6 -671.7 270.2 165 165 165
237.9 -671.7 270.2 162 162 162
255.1 -701.8 282.3 165 165 165
254.1 -681.5 274.1 165 165 165
244.8 -610.7 245.7 161 161 161
264.2 -644.1 259.1 163 163 163
285.9 -681.5 274.1 163 163 163
272.6 -635.4 255.6 164 164 164
290.3 -662.3 266.4 164 164 164
325.8 -671.7 270.2 162 162 162
349.7 -681.5 274.1 162 162 162
106.7 -184.4 74.2 158 161 160
113.8 -193.5 77.8 158 161 160
111.4 -186.6 75.1 158 161 160
109.3 -180.2 72.5 158 161 160
112.3 -182.3 73.3 158 161 160
114.0 -182.3 73.3 158 161 160
116.6 -183.7 73.9 159 162 161
120.2 -186.6 75.1 156 159 158
117.7 -180.2 72.5 156 159 158
54.1 -76.2 30.7 159 162 161
54.4 -75.7 30.5 159 162 161
56.3 -77.3 31.1 160 163 162
56.9 -77.1 31.0 158 158 158
118.7 -90.1 36.2 104 103 101
115.3 -86.9 35.0 104 103 101
114.8 -86.0 34.6 98 100 100
59.0 -41.0 16.5 90 90 90
59.3 -40.9 16.5 95 95 95
59.5 -40.8 16.4 179 179 179
59.5 -40.5 16.3 163 166 165
60.2 -40.7 16.4 196 196 196
61.2 -41.2 16.6 196 196 196
61.1 -40.9 16.4 193 193 193
61.5 -40.9 16.4 159 159 159
61.9 -40.9 16.4 196 199 198
62.2 -40.9 16.4 209 209 209
63.1 -41.2 16.6 207 207 207
63.0 -40.9 16.4 193 193 193
-37.3 -554.5 225.2 146 148 148
-31.3 -541.7 220.0 146 148 148
-26.2 -541.7 220.0 145 147 147
-21.1 -541.7 220.0 145 147 147
-16.0 -541.7 220.0 145 147 147
-10.9 -541.7 220.0 149 149 149
-5.8 -541.7 220.0 149 149 149
-0.6 -541.7 220.0 148 148 148
4.5 -541.7 220.0 148 148 148
9.6 -541.7 220.0 153 153 153
14.7 -541.7 220.0 150 150 150
19.8 -541.7 220.0 148 148 148
24.9 -541.7 220.0 149 149 149
30.0 -541.7 220.0 152 152 152
35.1 -541.7 220.0 152 152 152
42.7 -575.1 233.5 152 152 152
59.8 -582.3 236.5 153 153 153
62.1 -554.5 225.2 154 156 156
68.2 -561.2 227.9 154 156 156
75.3 -575.1 233.5 152 152 152
80.7 -575.1 233.5 154 156 156
81.2 -541.7 220.0 156 159 158
86.3 -541.7 220.0 153 155 155
91.4 -541.7 220.0 156 159 158
96.5 -541.7 220.0 156 159 158
101.6 -541.7 220.0 156 159 158
106.7 -541.7 220.0 160 160 160
111.8 -541.7 220.0 160 160 160
124.2 -575.1 233.5 160 160 160
135.0 -575.1 233.5 161 161 161
135.4 -554.5 225.2 159 159 159
147.7 -582.3 236.5 161 161 161
142.5 -541.7 220.0 161 161 161
164.2 -582.3 236.5 164 164 164
161.6 -554.5 225.2 164 164 164
166.8 -554.5 225.2 162 162 162
176.3 -568.1 230.7 165 165 165
179.4 -561.2 227.9 168 168 168
191.7 -582.3 236.5 165 165 165
187.8 -554.5 225.2 165 165 165
190.7 -548.0 222.5 165 165 165
195.9 -548.0 222.5 165 165 165
211.0 -575.1 233.5 165 165 165
206.3 -548.0 222.5 165 165 165
216.5 -561.2 227.9 163 163 163
227.3 -575.1 233.5 163 163 163
216.7 -535.4 217.4 163 163 163
219.2 -529.3 215.0 163 163 163
240.6 -568.1 230.7 163 163 163
240.1 -554.5 225.2 164 164 164
245.3 -554.5 225.2 164 164 164
253.6 -561.2 227.9 164 164 164
272.0 -589.6 239.4 164 164 164
270.7 -575.1 233.5 164 164 164
272.8 -568.1 230.7 164 164 164
274.8 -561.2 227.9 164 164 164
287.2 -554.5 225.2 165 165 165
270.0 -511.9 207.9 165 165 165
105.6 -175.1 71.1 163 163 163
97.7 -159.5 64.8 163 163 163
83.5 -134.2 54.5 158 161 160
108.9 -170.0 69.0 159 162 161
110.1 -169.4 68.8 159 162 161
108.6 -164.6 66.8 160 163 162
95.3 -142.5 57.8 160 163 162
54.4 -76.0 30.9 159 162 161
54.9 -75.6 30.7 159 162 161
56.3 -76.6 31.1 160 163 162
57.0 -76.6 31.1 160 163 162
57.6 -76.4 31.0 160 163 162
110.0 -82.2 33.4 106 106 106
106.8 -79.2 32.2 98 100 100
59.1 -40.4 16.4 98 100 100
59.4 -40.4 16.4 188 188 188
59.3 -40.0 16.3 149 149 149
65.0 -43.6 17.7 196 199 198
60.8 -40.3 16.4 204 204 204
67.4 -43.8 17.8 212 213 212
63.0 -40.5 16.4 196 196 196
56.5 -220.8 90.5 161 161 161
60.7 -220.8 90.5 164 164 164
66.7 -219.7 90.1 165 165 165
72.7 -218.7 89.7 165 165 165
83.5 -219.7 90.1 165 165 165
86.0 -220.8 90.5 163 163 163
92.6 -216.6 88.8 163 163 163
95.1 -217.7 89.2 164 164 164
97.2 -217.7 89.2 164 164 164
99.8 -218.7 89.7 164 164 164
104.9 -220.8 90.5 164 164 164
120.2 -221.8 90.9 165 165 165
68.1 -106.8 43.8 163 163 163
55.5 -75.8 31.1 159 162 161
56.8 -76.5 31.4 160 163 162
58.0 -77.2 31.6 160 163 162
57.8 -75.9 31.1 160 163 162
57.5 -74.7 30.6 161 164 163
662.3 -782.1 320.6 157 157 157
108.9 -80.5 33.0 104 103 101
100.7 -73.9 30.3 98 100 100
98.5 -71.9 29.5 98 100 100
59.6 -40.7 16.7 90 90 90
59.5 -40.3 16.5 93 93 93
60.3 -40.6 16.7 191 191 191
60.7 -40.6 16.7 149 149 149
64.1 -42.6 17.5 196 199 198
62.2 -41.1 16.8 196 196 196
61.1 -40.1 16.4 200 202 202
62.0 -40.5 16.6 207 207 207
62.8 -40.7 16.7 212 213 212
65.9 -42.4 17.4 204 204 204
64.6 -41.3 17.0 196 199 198
63.5 -40.4 16.6 212 213 212
-9.2 -104.6 43.3 144 146 146
-8.2 -104.3 43.2 144 146 146
20.1 -105.3 43.6 160 160 160
20.8 -103.4 42.8 162 162 162
33.2 -104.8 43.4 165 165 165
33.7 -103.4 42.8 165 165 165
35.2 -105.1 43.5 165 165 165
36.1 -104.6 43.3 165 165 165
36.9 -104.1 43.1 165 165 165
38.0 -104.3 43.2 165 165 165
39.0 -104.3 43.2 165 165 165
41.1 -104.6 43.3 163 163 163
44.5 -105.5 43.7 163 163 163
43.9 -101.8 42.1 163 163 163
46.2 -104.6 43.3 164 164 164
47.2 -104.6 43.3 164 164 164
48.3 -104.8 43.4 161 161 161
56.1 -104.3 43.2 167 167 167
65.8 -102.2 42.3 166 166 166
144.9 -221.9 91.8 167 167 167
146.3 -220.8 91.4 167 167 167
144.2 -214.6 88.8 167 167 167
56.7 -77.7 32.2 167 167 167
57.1 -77.2 32.0 162 165 164
58.9 -78.7 32.6 162 165 164
59.8 -78.8 32.6 163 166 165
60.2 -78.4 32.4 163 166 165
60.5 -77.7 32.2 161 164 163
723.6 -846.3 350.3 157 157 157
105.7 -77.5 32.1 98 100 100
93.4 -67.5 27.9 98 100 100
58.4 -39.2 16.2 88 88 88
57.8 -38.6 16.0 196 199 198
59.4 -38.6 16.0 182 185 184
58.5 -37.8 15.6 180 183 182
60.9 -39.1 16.2 200 202 202
61.3 -39.1 16.2 188 188 188
62.8 -39.8 16.5 212 213 212
62.1 -39.2 16.2 212 213 212
-17.4 -24.2 10.1 160 160 160
-17.2 -24.2 10.1 162 162 162
-14.1 -24.2 10.1 172 174 174
-22.5 -88.8 37.1 139 141 140
-21.6 -88.6 37.0 140 140 140
-20.8 -88.6 37.0 138 138 138
-19.9 -88.6 37.0 138 138 138
-19.0 -88.6 37.0 138 138 138
-18.2 -88.6 37.0 138 138 138
-17.3 -88.6 37.0 136 136 136
-16.4 -88.4 36.9 134 134 134
-15.6 -88.4 36.9 135 135 135
-14.7 -88.4 36.9 133 133 133
-13.8 -88.4 36.9 133 133 133
-9.6 -88.6 37.0 144 144 144
-8.7 -88.6 37.0 144 146 146
-7.9 -88.6 37.0 144 146 146
-7.0 -88.6 37.0 144 146 146
-6.1 -88.6 37.0 146 148 148
-5.3 -88.6 37.0 146 148 148
-4.4 -88.6 37.0 145 147 147
-3.6 -88.6 37.0 150 150 150
-0.1 -89.1 37.2 150 150 150
0.8 -88.6 37.0 150 150 150
1.6 -88.6 37.0 150 150 150
2.5 -88.6 37.0 150 150 150
3.3 -88.6 37.0 152 152 152
4.2 -88.6 37.0 152 152 152
5.1 -88.6 37.0 152 152 152
5.9 -88.6 37.0 152 152 152
6.8 -88.6 37.0 154 154 154
7.6 -88.6 37.0 154 154 154
8.5 -88.6 37.0 155 158 157
9.4 -88.6 37.0 155 158 157
10.2 -88.6 37.0 154 156 156
11.1 -88.6 37.0 154 156 156
11.9 -88.6 37.0 154 156 156
12.8 -88.9 37.2 154 156 156
15.5 -89.1 37.2 161 161 161
16.2 -88.6 37.0 161 161 161
17.1 -88.6 37.0 162 162 162
18.0 -88.8 37.1 162 162 162
18.8 -88.6 37.0 162 162 162
19.7 -88.6 37.0 162 162 162
20.5 -88.6 37.0 164 164 164
21.4 -88.6 37.0 167 167 167
22.3 -88.6 37.0 167 167 167
27.4 -88.6 37.0 165 165 165
28.4 -88.9 37.2 165 165 165
29.1 -88.6 37.0 165 165 165
29.9 -88.4 36.9 165 165 165
30.9 -88.6 37.0 165 165 165
31.7 -88.6 37.0 165 165 165
32.5 -88.4 36.9 165 165 165
33.4 -88.6 37.0 165 165 165
36.1 -88.8 37.1 166 166 166
36.9 -88.6 37.0 166 166 166
37.8 -88.8 37.1 166 166 166
38.7 -88.8 37.1 166 166 166
39.6 -88.9 37.2 166 166 166
46.3 -88.4 36.9 167 167 167
47.4 -88.9 37.2 167 167 167
48.4 -89.1 37.2 170 171 170
48.9 -88.6 37.0 170 171 170
49.8 -88.6 37.0 170 171 170
50.8 -88.8 37.1 170 171 170
54.4 -89.1 37.2 172 172 172
55.3 -89.1 37.2 168 168 168
57.0 -90.5 37.8 172 172 172
57.1 -89.3 37.3 172 172 172
57.3 -88.2 36.9 172 172 172
57.9 -87.9 36.7 169 169 169
148.4 -221.9 92.7 169 169 169
147.0 -216.6 90.5 173 173 173
59.3 -78.4 32.8 170 171 170
59.7 -77.9 32.6 168 168 168
104.9 -133.5 55.8 169 169 169
105.0 -76.2 31.8 98 100 100
91.5 -65.5 27.4 98 100 100
52.8 -34.2 14.3 196 199 198
51.1 -32.9 13.8 179 179 179
56.0 -35.8 15.0 182 185 184
55.3 -35.2 14.7 205 205 205
54.4 -34.4 14.4 212 213 212
-28.6 -24.1 10.2 40 40 40
-18.0 -24.1 10.2 151 153 153
-17.5 -24.1 10.2 157 157 157
-17.2 -24.0 10.1 154 154 154
-14.2 -24.0 10.1 166 166 166
-18.9 -87.0 36.7 136 136 136
-14.2 -84.4 35.6 133 133 133
8.4 -87.0 36.7 153 153 153
18.6 -86.7 36.6 165 165 165
28.4 -85.5 36.1 162 162 162
28.9 -84.6 35.7 165 165 165
46.1 -87.2 36.8 172 174 174
47.2 -84.6 35.7 172 174 174
53.8 -88.6 37.4 173 175 175
52.9 -85.7 36.2 173 175 175
53.8 -85.9 36.2 173 175 175
55.3 -86.9 36.7 173 175 175
56.0 -86.7 36.6 173 175 175
56.0 -85.4 36.0 172 172 172
54.7 -82.1 34.6 177 180 179
147.0 -217.6 91.8 173 173 173
53.4 -71.7 30.3 176 179 178
53.9 -71.5 30.2 173 173 173
57.2 -74.8 31.6 176 176 176
56.9 -73.6 31.1 176 176 176
55.0 -70.3 29.6 177 180 179
88.2 -62.5 26.4 98 100 100
49.1 -31.5 13.3 196 199 198
49.6 -31.6 13.3 193 193 193
48.9 -31.0 13.1 180 183 182
50.2 -31.4 13.3 218 218 218
51.9 -32.3 13.6 218 218 218
-17.5 -23.9 10.2 150 152 152
-11.0 -23.5 10.0 163 163 163
-10.8 -23.7 10.1 162 162 162
-10.6 -23.6 10.1 160 160 160
-18.1 -79.1 33.7 136 136 136
-17.3 -79.1 33.7 136 136 136
-16.6 -79.1 33.7 134 134 134
-15.8 -79.1 33.7 132 132 132
-15.0 -79.0 33.7 132 132 132
-14.2 -79.1 33.7 132 132 132
-13.4 -79.1 33.7 133 133 133
-6.4 -79.1 33.7 146 148 148
-5.6 -79.1 33.7 150 150 150
-4.8 -79.1 33.7 146 148 148
-4.0 -79.1 33.7 150 150 150
1.5 -79.1 33.7 150 150 150
2.3 -79.1 33.7 153 153 153
3.0 -79.1 33.7 155 155 155
3.8 -79.1 33.7 155 155 155
4.6 -79.1 33.7 154 154 154
5.4 -79.1 33.7 156 159 158
6.2 -79.1 33.7 156 159 158
7.0 -79.1 33.7 155 158 157
7.7 -79.1 33.7 155 158 157
8.5 -79.1 33.7 155 158 157
15.6 -79.1 33.7 165 165 165
17.1 -79.1 33.7 168 168 168
17.9 -78.8 33.6 168 168 168
18.7 -79.1 33.7 167 167 167
25.8 -79.1 33.7 165 165 165
26.6 -79.3 33.8 168 168 168
27.3 -79.1 33.7 168 168 168
32.8 -79.1 33.7 171 173 173
43.4 -79.8 34.0 175 177 177
43.9 -79.3 33.8 181 181 181
44.7 -79.3 33.8 180 180 180
45.2 -78.8 33.6 172 174 174
46.4 -79.5 33.9 181 181 181
46.9 -79.1 33.7 175 177 177
47.8 -79.3 33.8 175 177 177
48.8 -79.5 33.9 176 179 178
49.8 -80.0 34.1 173 175 175
50.3 -79.5 33.9 182 182 182
51.2 -79.7 34.0 176 179 178
53.2 -81.6 34.8 181 181 181
53.6 -80.8 34.5 173 175 175
52.4 -78.0 33.2 182 182 182
54.1 -79.3 33.8 177 180 179
53.8 -71.6 30.5 176 179 178
54.6 -71.7 30.6 176 179 178
57.6 -74.7 31.8 177 180 179
57.4 -73.5 31.3 177 180 179
55.8 -70.6 30.1 177 180 179
237.5 -180.4 76.9 109 111 111
218.0 -164.4 70.1 109 109 109
46.6 -29.2 12.5 207 207 207
47.2 -29.1 12.4 218 218 218
47.1 -28.8 12.3 219 219 219
-17.4 -23.4 10.1 144 144 144
-10.6 -23.4 10.1 160 160 160
-19.5 -77.5 33.4 137 139 138
-18.6 -77.0 33.1 134 137 136
-17.8 -77.0 33.1 132 135 134
-17.0 -77.0 33.1 133 133 133
-16.3 -77.0 33.1 131 131 131
-15.5 -77.0 33.1 132 132 132
-14.7 -77.0 33.1 132 132 132
-14.0 -77.1 33.2 135 135 135
-13.2 -77.1 33.2 135 135 135
-10.2 -77.5 33.4 140 140 140
-9.3 -76.8 33.1 144 144 144
-8.6 -77.0 33.1 145 147 147
-7.8 -77.1 33.2 146 148 148
-7.0 -77.1 33.2 146 148 148
-6.3 -77.1 33.2 146 148 148
-5.5 -77.0 33.1 150 150 150
-4.7 -77.1 33.2 150 150 150
-3.9 -77.0 33.1 150 150 150
-3.2 -77.0 33.1 152 152 152
-2.4 -77.0 33.1 151 151 151
1.4 -77.1 33.2 153 153 153
2.2 -77.0 33.1 155 155 155
3.0 -77.0 33.1 155 155 155
3.8 -77.0 33.1 156 159 158
4.5 -77.0 33.1 156 159 158
5.3 -77.0 33.1 156 159 158
6.1 -77.0 33.1 156 159 158
6.8 -77.0 33.1 155 158 157
7.6 -77.0 33.1 155 158 157
8.4 -77.0 33.1 155 158 157
9.1 -77.0 33.1 154 156 156
9.9 -77.0 33.1 157 160 159
10.7 -77.0 33.1 157 160 159
11.5 -77.0 33.1 157 160 159
12.2 -77.0 33.1 156 159 158
14.7 -77.8 33.5 163 163 163
15.3 -77.0 33.1 170 172 172
16.1 -77.1 33.2 170 172 172
16.9 -77.2 33.2 168 168 168
17.6 -76.7 33.0 170 172 172
18.4 -77.0 33.1 169 171 170
19.2 -77.0 33.1 169 171 170
19.9 -77.0 33.1 167 167 167
20.7 -77.0 33.1 164 164 164
21.5 -77.0 33.1 169 171 170
22.2 -77.0 33.1 169 171 170
25.3 -77.0 33.1 173 175 175
26.2 -77.4 33.3 162 162 162
26.9 -77.0 33.1 170 172 172
27.6 -77.0 33.1 173 175 175
28.4 -77.0 33.1 170 172 172
29.2 -77.0 33.1 177 177 177
29.9 -77.0 33.1 170 172 172
30.8 -77.1 33.2 170 172 172
31.5 -77.0 33.1 173 175 175
32.4 -77.2 33.2 174 176 176
32.9 -76.7 33.0 174 176 176
33.8 -77.0 33.1 190 190 190
34.6 -77.1 33.2 190 190 190
43.3 -77.4 33.3 198 198 198
43.8 -77.0 33.1 202 202 202
45.7 -77.5 33.4 202 202 202
45.9 -76.6 33.0 202 202 202
46.7 -76.7 33.0 198 198 198
47.9 -77.4 33.3 195 195 195
48.8 -77.6 33.4 198 198 198
49.1 -76.8 33.1 202 202 202
49.9 -76.8 33.1 202 202 202
51.9 -78.8 33.9 202 202 202
52.5 -78.5 33.8 198 198 198
51.6 -76.0 32.7 199 199 199
53.3 -77.4 33.3 199 199 199
54.3 -77.6 33.4 199 199 199
59.2 -76.0 32.7 203 203 203
59.4 -75.2 32.4 200 200 200
193.6 -144.6 62.2 112 114 113
68.6 -47.4 20.4 98 100 100
67.2 -46.1 19.8 98 100 100
65.8 -44.8 19.3 96 99 98
67.9 -45.9 19.8 96 99 98
-14.4 -23.4 10.2 154 154 154
-12.3 -23.3 10.1 159 159 159
-12.1 -23.5 10.2 157 157 157
-11.9 -23.4 10.2 160 160 160
-11.0 -23.1 10.0 156 159 158
-17.0 -69.6 30.3 134 137 136
-16.2 -69.2 30.1 132 135 134
-15.5 -69.2 30.1 133 133 133
-14.8 -69.2 30.1 134 134 134
-14.1 -69.2 30.1 132 132 132
-13.4 -69.2 30.1 134 134 134
-12.7 -69.3 30.1 137 137 137
-8.5 -69.5 30.2 145 147 147
-7.7 -68.6 29.8 146 148 148
-5.0 -69.2 30.1 152 152 152
-3.6 -68.6 29.8 152 152 152
-2.9 -68.6 29.8 152 152 152
-2.2 -69.2 30.1 151 151 151
2.7 -69.2 30.1 156 159 158
3.4 -69.2 30.1 156 159 158
4.1 -69.2 30.1 156 159 158
4.8 -69.2 30.1 156 159 158
5.5 -69.2 30.1 156 159 158
6.2 -69.2 30.1 155 158 157
6.9 -69.2 30.1 155 158 157
7.6 -69.2 30.1 158 161 160
8.3 -69.2 30.1 158 161 160
9.0 -69.2 30.1 162 162 162
9.7 -69.2 30.1 157 160 159
14.6 -69.3 30.1 170 172 172
15.3 -69.3 30.1 168 168 168
16.0 -69.3 30.1 173 175 175
16.5 -68.5 29.8 172 174 174
17.4 -69.2 30.1 185 185 185
18.1 -69.2 30.1 182 182 182
18.8 -69.2 30.1 190 190 190
24.5 -69.6 30.3 200 200 200
25.0 -68.9 30.0 200 200 200
25.7 -68.9 30.0 199 199 199
29.5 -69.6 30.3 206 206 206
30.1 -69.4 30.2 203 203 203
30.6 -69.1 30.0 199 199 199
31.4 -69.2 30.1 203 203 203
40.0 -68.4 29.7 202 202 202
42.5 -69.1 30.0 205 205 205
43.6 -69.7 30.3 205 205 205
46.1 -71.4 31.1 205 205 205
45.3 -69.1 30.0 205 205 205
45.4 -68.2 29.6 205 205 205
53.8 -79.5 34.6 205 205 205
50.8 -74.0 32.2 206 206 206
166.0 -123.6 53.7 112 114 113
169.1 -125.0 54.4 112 114 113
64.8 -43.9 19.1 98 100 100
64.1 -43.2 18.8 98 100 100
63.1 -42.2 18.3 98 100 100
-28.5 -23.0 10.1 38 38 38
-28.2 -23.0 10.1 38 38 38
-28.0 -23.0 10.1 40 40 40
-27.8 -23.0 10.1 40 40 40
-27.6 -23.0 10.1 40 40 40
-27.3 -23.0 10.1 35 35 35
-27.1 -23.0 10.1 38 38 38
-26.8 -23.0 10.1 40 40 40
-26.6 -23.0 10.1 40 40 40
-26.4 -23.0 10.1 40 40 40
-26.1 -23.0 10.1 40 40 40
-25.9 -23.0 10.1 43 42 41
-25.7 -23.1 10.1 43 42 41
-25.5 -23.1 10.1 40 40 40
-25.2 -23.0 10.1 45 45 45
-25.0 -23.0 10.1 50 51 49
-24.7 -23.0 10.1 47 47 47
-24.5 -23.0 10.1 55 55 55
-24.3 -23.0 10.1 75 76 76
-24.0 -23.0 10.1 84 86 86
-23.8 -23.0 10.1 90 90 90
-23.6 -23.0 10.1 94 97 96
-23.3 -23.0 10.1 103 103 103
-23.1 -23.0 10.1 105 105 105
-22.8 -23.0 10.1 105 105 105
-22.6 -23.0 10.1 108 108 108
-22.4 -23.0 10.1 108 108 108
-22.1 -23.0 10.1 109 111 111
-21.9 -23.0 10.1 116 116 116
-21.7 -23.0 10.1 115 115 115
-21.4 -23.0 10.1 117 117 117
-21.2 -23.0 10.1 116 116 116
-21.0 -23.0 10.1 119 119 119
-20.7 -23.0 10.1 120 120 120
-20.5 -23.0 10.1 122 124 123
-20.3 -23.1 10.1 121 123 122
-20.0 -23.0 10.1 121 123 122
-18.2 -23.1 10.2 131 131 131
-17.9 -23.0 10.1 136 136 136
-17.7 -23.0 10.1 135 135 135
-17.5 -23.1 10.1 135 135 135
-17.2 -23.0 10.1 135 135 135
-16.8 -23.2 10.2 133 133 133
-16.5 -23.0 10.1 137 136 135
-16.2 -23.0 10.1 136 135 134
-16.0 -23.0 10.1 140 140 140
-15.8 -23.0 10.1 139 139 139
-15.1 -23.0 10.1 145 147 147
-14.9 -23.1 10.1 144 146 146
-14.7 -23.1 10.2 144 146 146
-14.4 -23.1 10.2 148 148 148
-14.1 -23.0 10.1 150 150 150
-12.7 -23.0 10.1 153 155 155
-12.5 -23.0 10.1 153 155 155
-12.2 -23.0 10.1 151 153 153
-12.1 -23.2 10.2 157 157 157
-11.9 -23.2 10.2 157 157 157
-11.6 -23.1 10.1 158 158 158
-11.3 -23.0 10.1 156 159 158
-11.0 -22.8 10.0 154 156 156
-10.2 -23.2 10.2 153 152 150
-9.9 -23.0 10.1 150 150 148
-9.6 -22.8 10.0 147 147 145
-6.3 -76.0 33.4 152 152 152
-5.5 -75.6 33.2 152 152 152
17.0 -76.2 33.5 198 198 198
17.7 -75.7 33.2 202 202 202
26.5 -76.5 33.6 203 203 203
27.0 -76.0 33.4 206 206 206
28.6 -76.0 33.4 203 203 203
32.6 -76.2 33.5 206 206 206
33.2 -75.8 33.3 206 206 206
60.3 -107.7 47.3 205 205 205
44.3 -76.2 33.5 205 205 205
46.0 -76.5 33.6 205 205 205
46.0 -75.3 33.1 205 205 205
46.9 -75.4 33.1 205 205 205
47.8 -75.7 33.2 205 205 205
48.5 -75.6 33.2 205 205 205
48.5 -74.4 32.7 205 205 205
51.7 -76.9 33.8 205 205 205
52.6 -77.0 33.8 205 205 205
51.8 -74.8 32.8 206 206 206
53.4 -76.0 33.4 206 206 206
54.9 -76.9 33.8 206 206 206
55.8 -77.2 33.9 203 203 203
179.6 -244.7 107.5 204 204 204
164.6 -121.3 53.3 114 116 115
165.3 -121.0 53.1 114 116 115
159.4 -115.8 50.9 112 114 113
64.1 -42.8 18.8 98 100 100
38.5 -23.4 10.3 196 199 198
38.5 -23.3 10.2 196 199 198
38.6 -23.2 10.2 193 193 193
39.1 -23.4 10.3 215 215 215
39.1 -23.2 10.2 218 218 218
-17.4 -22.8 10.1 127 127 127
-16.5 -22.7 10.1 131 131 131
-15.7 -22.7 10.1 136 135 134
-15.0 -22.7 10.1 141 141 141
-14.6 -22.8 10.1 141 143 142
-14.4 -22.8 10.1 144 146 146
-12.2 -22.7 10.1 151 153 153
-12.1 -22.9 10.2 150 152 152
-11.9 -22.9 10.2 148 150 150
-11.5 -22.8 10.1 151 151 151
-11.3 -22.8 10.1 153 153 153
-11.0 -22.6 10.0 154 154 154
-9.9 -22.7 10.1 146 148 148
-20.4 -75.7 33.6 135 135 135
-19.6 -75.4 33.5 137 139 138
-18.6 -74.9 33.2 134 137 136
-17.9 -74.9 33.2 136 136 136
-17.1 -74.9 33.2 136 136 136
-16.3 -74.9 33.2 136 136 136
-15.6 -74.9 33.2 139 139 139
-14.8 -74.8 33.2 139 139 139
-14.0 -74.6 33.1 148 148 148
-13.2 -74.8 33.2 150 152 152
-11.0 -75.7 33.6 152 152 152
-10.2 -75.4 33.5 152 152 152
-9.3 -74.6 33.1 154 154 154
-8.6 -74.8 33.2 153 153 153
-7.9 -75.2 33.4 153 153 153
-7.1 -75.0 33.3 156 156 156
-6.3 -74.9 33.2 156 156 156
-5.5 -74.8 33.2 158 158 158
-4.7 -74.6 33.1 158 158 158
-4.0 -75.0 33.3 158 158 158
-3.2 -75.2 33.4 157 157 157
-2.4 -74.8 33.2 157 157 157
1.5 -75.3 33.4 160 163 162
2.2 -75.0 33.3 160 163 162
3.0 -74.9 33.2 160 163 162
3.8 -74.9 33.2 164 164 164
4.5 -74.9 33.2 164 164 164
5.3 -74.9 33.2 166 166 166
6.1 -74.9 33.2 166 166 166
6.9 -74.9 33.2 168 168 168
7.6 -74.9 33.2 168 168 168
8.4 -74.9 33.2 167 167 167
9.2 -74.9 33.2 170 171 170
9.9 -74.9 33.2 170 171 170
10.7 -74.9 33.2 172 174 174
11.5 -74.9 33.2 171 173 173
12.2 -74.8 33.2 171 173 173
14.7 -75.7 33.6 171 173 173
15.4 -75.0 33.3 202 202 202
16.2 -75.0 33.3 204 204 204
17.0 -75.2 33.4 207 207 207
17.6 -74.5 33.1 207 207 207
18.4 -74.8 33.2 206 206 206
19.2 -74.9 33.2 206 206 206
20.7 -74.8 33.2 206 206 206
21.5 -74.8 33.2 206 206 206
22.2 -74.6 33.1 206 206 206
23.0 -74.5 33.1 206 206 206
24.0 -75.4 33.5 206 206 206
24.7 -75.2 33.4 203 203 203
25.3 -74.5 33.1 206 206 206
26.4 -75.4 33.5 206 206 206
26.9 -74.6 33.1 206 206 206
27.6 -74.5 33.1 206 206 206
28.4 -74.8 33.2 206 206 206
29.3 -74.9 33.2 206 206 206
30.0 -74.8 33.2 206 206 206
30.9 -75.0 33.3 206 206 206
31.9 -75.6 33.5 206 206 206
32.5 -75.2 33.4 206 206 206
33.1 -74.8 33.2 206 206 206
33.8 -74.8 33.2 206 206 206
34.8 -75.2 33.4 206 206 206
35.6 -75.2 33.4 205 205 205
36.5 -75.4 33.5 205 205 205
37.1 -75.2 33.4 205 205 205
39.7 -75.7 33.6 205 205 205
39.9 -74.5 33.1 205 205 205
40.9 -74.9 33.2 205 205 205
42.1 -75.7 33.6 205 205 205
60.7 -105.2 46.7 205 205 205
44.0 -75.0 33.3 205 205 205
44.6 -74.6 33.1 205 205 205
45.7 -75.3 33.4 205 205 205
46.4 -75.2 33.4 205 205 205
47.0 -74.8 33.2 205 205 205
48.0 -75.2 33.4 205 205 205
48.4 -74.6 33.1 205 205 205
48.5 -73.6 32.7 205 205 205
49.2 -73.5 32.6 205 205 205
52.5 -76.1 33.8 205 205 205
52.2 -74.5 33.1 206 206 206
53.3 -75.0 33.3 206 206 206
54.9 -76.1 33.8 206 206 206
55.9 -76.5 34.0 207 207 207
171.8 -125.4 55.6 120 120 120
172.1 -124.6 55.3 121 121 121
166.6 -119.7 53.1 114 116 115
66.1 -44.2 19.6 106 106 106
65.0 -42.9 19.0 106 106 106
38.3 -22.9 10.2 200 202 202
39.0 -22.9 10.2 188 188 188
-12.2 -22.4 10.1 148 148 148
-12.0 -22.6 10.1 148 148 148
-9.9 -22.5 10.1 144 144 144
-9.6 -22.3 10.0 144 146 146
-20.4 -74.9 33.6 136 136 136
-19.4 -74.1 33.2 137 139 138
-15.4 -73.5 33.0 146 146 146
-14.7 -73.5 33.0 149 149 149
-13.9 -73.4 32.9 150 152 152
-13.1 -73.4 32.9 156 156 156
-10.1 -74.0 33.2 153 153 153
-9.3 -73.4 32.9 156 156 156
-8.6 -73.9 33.1 155 155 155
-7.8 -74.0 33.2 155 155 155
-7.0 -73.6 33.0 158 158 158
-6.2 -73.6 33.0 158 158 158
-5.5 -73.5 33.0 159 162 161
-4.7 -73.6 33.0 158 161 160
-3.9 -73.6 33.0 158 161 160
-1.6 -73.6 33.0 160 163 162
-0.9 -73.6 33.0 160 163 162
0.7 -74.4 33.4 164 164 164
1.4 -74.0 33.2 166 166 166
2.2 -73.9 33.1 166 166 166
3.0 -73.5 33.0 166 166 166
3.7 -73.5 33.0 168 168 168
4.5 -73.5 33.0 172 172 172
5.3 -73.5 33.0 172 172 172
6.0 -73.5 33.0 173 175 175
6.8 -73.5 33.0 170 171 170
7.6 -73.5 33.0 172 174 174
8.3 -73.5 33.0 172 174 174
9.1 -73.5 33.0 172 174 174
9.9 -73.5 33.0 174 176 176
10.6 -73.5 33.0 178 178 178
11.4 -73.5 33.0 178 178 178
12.2 -73.5 33.0 178 178 178
11.8 -63.2 28.3 180 180 180
14.7 -74.5 33.4 183 183 183
15.2 -73.5 33.0 202 202 202
16.1 -74.0 33.2 206 206 206
16.9 -74.0 33.2 206 206 206
17.5 -73.5 33.0 206 206 206
19.1 -73.6 33.0 206 206 206
21.4 -73.5 33.0 206 206 206
22.1 -73.4 32.9 205 205 205
24.5 -73.8 33.1 205 205 205
25.1 -73.2 32.8 205 205 205
26.2 -74.3 33.3 205 205 205
26.8 -73.6 33.0 205 205 205
28.2 -73.5 33.0 205 205 205
29.0 -73.5 33.0 208 208 208
29.7 -73.4 32.9 208 208 208
30.6 -73.8 33.1 208 208 208
31.8 -74.5 33.4 208 208 208
32.2 -73.9 33.1 208 208 208
32.8 -73.5 33.0 208 208 208
33.5 -73.4 32.9 208 208 208
34.5 -73.8 33.1 208 208 208
36.3 -74.4 33.4 208 208 208
36.7 -73.5 33.0 205 205 205
39.4 -74.4 33.4 205 205 205
39.8 -73.6 33.0 205 205 205
40.4 -73.4 32.9 205 205 205
41.8 -74.4 33.4 205 205 205
59.2 -101.7 45.6 208 208 208
43.8 -73.9 33.1 208 208 208
38.2 -63.3 28.4 208 208 208
45.7 -74.5 33.4 208 208 208
46.2 -74.0 33.2 208 208 208
46.7 -73.6 33.0 208 208 208
47.6 -73.8 33.1 208 208 208
48.1 -73.4 32.9 208 208 208
48.2 -72.4 32.4 208 208 208
43.4 -63.2 28.3 208 208 208
43.9 -63.0 28.2 208 208 208
52.0 -73.5 33.0 208 208 208
52.8 -73.6 33.0 208 208 208
54.7 -75.1 33.7 206 206 206
55.9 -75.7 34.0 206 206 206
27.1 -33.9 15.2 208 208 208
27.1 -33.4 15.0 205 205 205
-12.2 -22.3 10.1 144 144 144
-12.1 -22.4 10.2 143 143 142
-11.8 -22.4 10.2 145 145 144
-11.5 -22.3 10.1 140 140 140
-11.0 -22.2 10.0 141 141 141
-9.6 -22.3 10.1 143 143 142
-9.4 -22.2 10.1 140 142 141
-15.1 -62.1 28.1 137 137 137
-14.5 -62.1 28.1 141 141 141
-13.8 -62.1 28.1 150 150 150
-13.2 -62.1 28.1 153 155 155
-12.5 -62.1 28.1 153 155 155
-11.9 -62.1 28.1 156 156 156
-11.2 -62.0 28.1 156 156 156
-7.3 -62.1 28.1 157 157 157
-6.6 -61.8 28.0 158 161 160
-6.0 -62.0 28.1 158 161 160
-5.3 -62.1 28.1 158 161 160
-4.7 -62.1 28.1 160 163 162
-4.0 -62.2 28.2 160 163 162
-3.4 -62.1 28.1 164 164 164
-2.7 -62.4 28.3 164 164 164
-2.1 -62.3 28.2 164 164 164
-1.4 -62.1 28.1 166 166 166
-0.7 -62.1 28.1 166 166 166
1.9 -62.0 28.1 172 172 172
2.5 -62.2 28.2 172 172 172
3.2 -62.1 28.1 172 174 174
3.8 -62.1 28.1 172 174 174
4.5 -62.1 28.1 172 174 174
5.2 -62.1 28.1 174 176 176
5.8 -62.1 28.1 172 174 174
6.5 -62.1 28.1 174 176 176
7.1 -62.1 28.1 174 176 176
7.8 -62.1 28.1 178 178 178
8.4 -62.1 28.1 178 178 178
9.1 -62.1 28.1 180 180 180
9.7 -62.1 28.1 180 180 180
10.4 -62.1 28.1 183 183 183
11.0 -62.1 28.1 183 183 183
11.7 -61.9 28.1 182 182 182
13.7 -62.2 28.2 206 206 206
14.3 -62.1 28.1 206 206 206
15.0 -62.3 28.2 205 205 205
15.6 -62.2 28.2 205 205 205
16.2 -62.0 28.1 205 205 205
16.9 -62.0 28.1 205 205 205
17.6 -62.1 28.1 205 205 205
18.2 -62.0 28.1 208 208 208
18.9 -62.0 28.1 205 205 205
19.5 -62.1 28.1 205 205 205
20.2 -62.0 28.1 205 205 205
21.5 -62.2 28.2 205 205 205
22.1 -62.0 28.1 208 208 208
22.8 -62.1 28.1 208 208 208
23.5 -62.1 28.1 205 205 205
24.1 -62.0 28.1 208 208 208
24.8 -62.1 28.1 208 208 208
25.4 -62.0 28.1 208 208 208
26.1 -62.1 28.1 208 208 208
26.7 -62.1 28.1 208 208 208
27.4 -62.1 28.1 208 208 208
28.1 -62.1 28.1 208 208 208
28.7 -62.1 28.1 208 208 208
29.4 -62.1 28.1 207 207 207
44.6 -83.3 37.8 207 207 207
33.9 -62.1 28.1 204 204 204
34.6 -62.2 28.2 204 204 204
35.4 -62.4 28.3 207 207 207
37.9 -62.1 28.1 207 207 207
38.1 -61.5 27.9 207 207 207
47.2 -72.5 32.8 207 207 207
47.9 -72.3 32.8 207 207 207
47.8 -71.1 32.2 207 207 207
43.1 -62.1 28.1 207 207 207
43.6 -61.8 28.0 207 207 207
51.7 -72.3 32.8 207 207 207
52.8 -72.7 33.0 208 208 208
55.2 -74.9 34.0 208 208 208
57.0 -76.3 34.6 205 205 205
58.3 -77.0 34.9 206 206 206
26.9 -33.2 15.0 207 207 207
-12.3 -22.2 10.2 138 140 139
-12.2 -22.4 10.3 139 141 140
-11.9 -22.4 10.2 138 140 139
39.4 -72.8 33.4 207 207 207
39.4 -71.3 32.7 207 207 207
44.1 -72.8 33.4 207 207 207
45.9 -72.0 33.0 206 206 206
46.5 -71.7 32.8 206 206 206
47.1 -71.6 32.8 206 206 206
47.8 -71.5 32.7 206 206 206
47.8 -70.2 32.2 206 206 206
45.9 -66.4 30.4 206 206 206
44.1 -62.9 28.8 206 206 206
44.0 -61.7 28.3 207 207 207
51.3 -71.0 32.5 207 207 207
52.8 -72.0 33.0 207 207 207
54.7 -73.5 33.7 207 207 207
56.2 -74.6 34.1 205 205 205
57.6 -75.2 34.5 205 205 205
57.5 -74.2 34.0 205 205 205
27.7 -34.3 15.7 206 206 206
27.2 -33.3 15.2 206 206 206
-12.3 -22.4 10.4 135 135 135
-12.1 -22.3 10.3 133 133 133
-2.9 -65.4 30.3 172 174 174
-2.2 -65.5 30.3 172 174 174
3.4 -65.7 30.4 178 178 178
5.6 -65.6 30.4 180 180 180
11.9 -65.6 30.4 184 184 184
12.6 -65.3 30.2 181 181 181
20.3 -65.5 30.3 207 207 207
23.2 -65.5 30.3 207 207 207
25.3 -65.6 30.4 207 207 207
28.1 -65.6 30.4 206 206 206
39.4 -71.9 33.3 206 206 206
39.5 -70.7 32.7 206 206 206
40.6 -71.3 33.0 206 206 206
41.1 -70.9 32.8 206 206 206
44.2 -72.2 33.4 206 206 206
40.8 -65.5 30.3 206 206 206
41.2 -65.1 30.1 209 209 209
45.8 -71.1 32.9 209 209 209
46.4 -70.8 32.8 206 206 206
47.2 -70.9 32.8 206 206 206
47.8 -70.7 32.7 206 206 206
48.1 -70.0 32.4 206 206 206
46.0 -65.9 30.5 206 206 206
45.3 -63.9 29.6 206 206 206
45.5 -63.3 29.3 206 206 206
51.2 -70.1 32.4 206 206 206
52.7 -71.1 32.9 206 206 206
54.5 -72.5 33.5 207 207 207
55.3 -72.5 33.5 207 207 207
56.9 -72.6 33.6 205 205 205
28.0 -34.3 15.9 205 205 205
27.4 -33.2 15.4 206 206 206
27.1 -32.4 15.0 206 206 206
-24.0 -64.8 30.3 141 143 142
-23.3 -64.8 30.3 139 141 140
-22.6 -64.7 30.3 137 139 138
-21.8 -64.4 30.1 140 140 140
-21.1 -64.5 30.2 138 138 138
-20.5 -64.6 30.2 143 143 142
-19.8 -64.8 30.3 147 147 147
-19.0 -64.3 30.1 145 145 144
-18.3 -64.4 30.1 148 148 148
-17.7 -64.9 30.4 155 155 155
-17.0 -64.7 30.3 156 159 158
-16.2 -64.6 30.2 162 162 162
-15.5 -64.6 30.2 166 166 166
-14.8 -64.6 30.2 165 168 167
-14.1 -64.6 30.2 163 163 163
-13.4 -64.6 30.2 162 165 164
-12.7 -64.6 30.2 163 166 165
-12.0 -64.5 30.2 162 165 164
-11.3 -64.6 30.2 170 171 170
-10.6 -64.7 30.3 166 166 166
-9.9 -64.7 30.3 165 165 165
-9.2 -64.8 30.3 170 171 170
-8.5 -64.5 30.2 172 174 174
-7.8 -64.4 30.1 172 174 174
-7.1 -64.8 30.3 172 174 174
-6.4 -64.7 30.3 172 174 174
-5.7 -64.7 30.3 174 176 176
-5.0 -64.7 30.3 173 175 175
-4.3 -64.7 30.3 173 175 175
-3.6 -64.4 30.1 178 178 178
-2.9 -64.3 30.1 178 178 178
-2.2 -64.4 30.1 178 178 178
-1.5 -64.6 30.2 173 175 175
-0.8 -64.6 30.2 173 175 175
-0.1 -64.5 30.2 180 180 180
0.6 -64.7 30.3 180 180 180
1.3 -64.8 30.3 179 179 179
2.0 -64.8 30.3 179 179 179
2.7 -64.8 30.3 179 179 179
3.4 -64.6 30.2 179 179 179
4.1 -64.5 30.2 184 184 184
4.8 -64.6 30.2 182 182 182
5.5 -64.5 30.2 181 181 181
6.2 -64.5 30.2 181 181 181
6.9 -64.7 30.3 181 181 181
7.7 -64.8 30.3 181 181 181
8.3 -64.5 30.2 181 181 181
9.0 -64.6 30.2 184 184 184
9.7 -64.6 30.2 183 183 183
10.4 -64.6 30.2 183 183 183
11.1 -64.6 30.2 183 183 183
11.8 -64.5 30.2 183 183 183
12.5 -64.2 30.0 188 188 188
13.3 -64.7 30.3 188 188 188
14.0 -64.8 30.3 200 200 200
14.7 -64.6 30.2 204 204 204
15.4 -64.6 30.2 207 207 207
16.1 -64.7 30.3 206 206 206
16.8 -64.6 30.2 206 206 206
17.5 -64.7 30.3 206 206 206
18.2 -64.8 30.3 206 206 206
18.9 -64.8 30.3 206 206 206
19.5 -64.5 30.2 206 206 206
20.2 -64.4 30.1 206 206 206
21.0 -64.6 30.2 206 206 206
21.8 -64.9 30.4 206 206 206
22.5 -64.8 30.3 206 206 206
23.0 -64.4 30.1 206 206 206
23.8 -64.5 30.2 206 206 206
24.6 -64.8 30.3 206 206 206
25.2 -64.5 30.2 206 206 206
25.9 -64.6 30.2 206 206 206
26.6 -64.6 30.2 203 203 203
27.3 -64.6 30.2 206 206 206
28.0 -64.5 30.2 206 206 206
28.8 -64.7 30.3 206 206 206
29.5 -64.7 30.3 206 206 206
30.1 -64.6 30.2 206 206 206
30.8 -64.6 30.2 206 206 206
31.6 -64.7 30.3 206 206 206
32.3 -64.7 30.3 206 206 206
32.9 -64.6 30.2 206 206 206
33.7 -64.8 30.3 206 206 206
34.4 -64.7 30.3 206 206 206
35.1 -64.8 30.3 206 206 206
35.7 -64.6 30.2 205 205 205
36.6 -64.8 30.3 205 205 205
37.2 -64.7 30.3 205 205 205
37.8 -64.6 30.2 205 205 205
38.7 -64.9 30.4 208 208 208
39.5 -65.0 30.4 210 210 210
40.3 -65.1 30.5 208 208 208
40.6 -64.5 30.2 208 208 208
40.8 -63.8 29.8 208 208 208
42.5 -65.3 30.6 210 210 210
42.9 -64.8 30.3 208 208 208
43.8 -65.1 30.5 208 208 208
44.8 -65.5 30.7 205 205 205
46.0 -66.3 31.0 205 205 205
45.9 -65.0 30.4 205 205 205
45.3 -63.2 29.6 205 205 205
45.1 -62.0 29.0 205 205 205
47.8 -64.8 30.3 206 206 206
51.9 -69.3 32.4 206 206 206
50.0 -64.0 29.9 206 206 206
50.9 -64.3 30.1 207 207 207
52.1 -64.9 30.4 207 207 207
27.4 -32.8 15.4 205 205 205
-23.3 -64.1 30.3 141 143 142
-22.6 -64.1 30.3 145 145 144
-21.8 -63.7 30.1 147 147 147
-21.1 -63.7 30.1 145 145 144
-20.4 -63.8 30.2 147 147 147
-19.8 -64.1 30.3 150 150 150
-19.0 -63.8 30.2 151 151 151
-17.7 -64.1 30.3 163 163 163
-16.9 -63.9 30.2 165 165 165
-16.2 -63.8 30.2 168 170 169
-15.5 -63.8 30.2 165 168 167
-14.8 -63.8 30.2 170 171 170
-14.1 -63.8 30.2 169 169 169
-13.4 -63.8 30.2 173 173 173
-12.7 -63.8 30.2 175 177 177
-12.0 -63.7 30.1 174 176 176
-11.3 -63.8 30.2 173 175 175
-10.6 -63.9 30.2 174 176 176
-9.9 -63.9 30.2 180 180 180
-9.2 -64.1 30.3 183 183 183
-8.5 -63.6 30.1 180 180 180
-7.8 -63.5 30.0 183 183 183
-7.1 -64.1 30.3 180 180 180
-6.4 -64.0 30.3 180 180 180
-5.7 -64.0 30.3 180 180 180
-5.0 -64.0 30.3 179 179 179
-4.3 -63.9 30.2 179 179 179
-3.6 -63.7 30.1 179 179 179
-2.9 -63.5 30.0 179 179 179
-2.2 -63.6 30.1 179 179 179
-1.5 -63.8 30.2 179 179 179
-0.8 -63.8 30.2 179 179 179
-0.1 -63.7 30.1 181 181 181
0.6 -64.0 30.3 181 181 181
1.3 -64.1 30.3 181 181 181
2.0 -64.1 30.3 181 181 181
2.7 -64.0 30.3 181 181 181
3.4 -63.9 30.2 181 181 181
4.1 -63.7 30.1 181 181 181
4.8 -63.8 30.2 181 181 181
5.5 -63.7 30.1 181 181 181
6.2 -63.6 30.1 180 180 180
6.9 -64.0 30.3 183 183 183
7.7 -64.1 30.3 183 183 183
8.3 -63.7 30.1 183 183 183
9.0 -63.8 30.2 183 183 183
9.7 -63.8 30.2 183 183 183
10.4 -63.8 30.2 183 183 183
11.1 -63.8 30.2 182 182 182
11.8 -63.7 30.1 182 182 182
12.5 -63.4 30.0 182 182 182
13.3 -63.9 30.2 174 174 174
14.0 -64.1 30.3 203 203 203
14.6 -63.8 30.2 203 203 203
15.3 -63.8 30.2 206 206 206
16.1 -63.9 30.2 206 206 206
16.8 -63.9 30.2 206 206 206
17.5 -64.0 30.3 206 206 206
18.2 -64.0 30.3 206 206 206
18.9 -64.1 30.3 206 206 206
19.5 -63.7 30.1 206 206 206
20.2 -63.6 30.1 206 206 206
21.0 -63.9 30.2 206 206 206
21.8 -64.1 30.3 206 206 206
22.5 -64.1 30.3 205 205 205
23.0 -63.7 30.1 205 205 205
23.8 -63.8 30.2 205 205 205
24.5 -64.0 30.3 205 205 205
25.2 -63.8 30.2 205 205 205
25.9 -63.8 30.2 205 205 205
26.5 -63.7 30.1 205 205 205
27.2 -63.7 30.1 208 208 208
27.9 -63.7 30.1 208 208 208
28.7 -63.9 30.2 205 205 205
29.4 -63.9 30.2 205 205 205
30.1 -63.9 30.2 205 205 205
30.8 -63.8 30.2 205 205 205
31.5 -63.8 30.2 205 205 205
32.2 -63.9 30.2 205 205 205
32.9 -63.8 30.2 205 205 205
33.7 -64.1 30.3 205 205 205
34.3 -63.9 30.2 205 205 205
35.0 -63.9 30.2 208 208 208
35.7 -63.8 30.2 208 208 208
36.5 -64.0 30.3 208 208 208
37.1 -63.8 30.2 208 208 208
37.8 -63.8 30.2 208 208 208
38.7 -64.1 30.3 208 208 208
39.4 -64.2 30.4 208 208 208
40.1 -64.1 30.3 208 208 208
40.4 -63.5 30.0 208 208 208
40.6 -62.8 29.7 208 208 208
42.3 -64.3 30.4 208 208 208
42.8 -64.0 30.3 208 208 208
43.7 -64.2 30.4 208 208 208
44.7 -64.6 30.6 208 208 208
45.9 -65.3 30.9 204 204 204
46.1 -64.6 30.6 204 204 204
45.5 -62.8 29.7 204 204 204
44.5 -60.6 28.7 205 205 205
48.4 -64.9 30.7 205 205 205
50.2 -66.3 31.4 205 205 205
50.4 -64.7 30.6 206 206 206
50.0 -63.3 29.9 206 206 206
50.6 -63.2 29.9 206 206 206
52.1 -64.1 30.3 206 206 206
27.0 -31.9 15.1 207 207 207
26.9 -31.5 14.9 205 205 205
-2.8 -62.0 29.6 183 183 183
4.1 -62.1 29.7 180 180 180
4.7 -62.1 29.7 182 182 182
5.4 -62.0 29.6 182 182 182
8.2 -62.3 29.8 182 182 182
9.6 -62.2 29.7 182 182 182
10.3 -62.2 29.7 182 182 182
11.0 -62.2 29.7 185 185 185
11.7 -62.2 29.7 179 179 179
16.6 -62.4 29.8 205 205 205
17.2 -62.4 29.8 205 205 205
15.2 -52.9 25.3 205 205 205
22.7 -62.1 29.7 205 205 205
31.1 -62.3 29.8 204 204 204
33.8 -62.2 29.7 207 207 207
34.5 -62.2 29.7 207 207 207
36.0 -62.4 29.8 207 207 207
36.6 -62.3 29.8 207 207 207
37.2 -62.2 29.7 207 207 207
39.8 -61.9 29.6 207 207 207
46.7 -67.8 32.4 207 207 207
48.2 -67.8 32.4 207 207 207
48.1 -66.7 31.9 207 207 207
45.3 -61.9 29.6 207 207 207
44.8 -60.3 28.8 207 207 207
50.4 -66.8 32.0 207 207 207
51.5 -67.3 32.2 207 207 207
53.1 -68.3 32.7 207 207 207
54.2 -68.8 32.9 208 208 208
49.5 -62.0 29.6 205 205 205
55.2 -68.2 32.6 205 205 205
55.3 -67.4 32.2 206 206 206
27.0 -31.6 15.1 206 206 206
27.1 -31.3 15.0 206 206 206
126.3 -68.9 33.0 200 202 202
-13.9 -28.6 13.8 110 112 111
-13.5 -28.4 13.8 108 110 110
11.6 -28.7 13.9 207 207 207
39.1 -68.4 33.1 207 207 207
39.6 -67.9 32.8 207 207 207
40.5 -68.1 33.0 207 207 207
41.3 -68.3 33.0 207 207 207
43.6 -68.1 33.0 206 206 206
45.8 -68.0 32.9 206 206 206
46.1 -67.4 32.6 206 206 206
46.9 -67.4 32.6 206 206 206
47.7 -67.5 32.7 206 206 206
48.8 -67.9 32.8 206 206 206
49.1 -67.3 32.6 206 206 206
48.7 -65.7 31.8 206 206 206
50.8 -66.6 32.2 207 207 207
52.0 -67.2 32.5 207 207 207
53.5 -68.1 33.0 207 207 207
55.0 -69.0 33.4 207 207 207
54.8 -67.8 32.8 204 204 204
55.7 -68.0 32.9 205 205 205
56.1 -67.5 32.7 205 205 205
56.7 -67.3 32.6 205 205 205
27.1 -30.9 15.0 206 206 206
123.5 -66.6 32.2 83 83 83
-14.0 -28.5 13.9 85 87 87
-13.5 -28.2 13.8 72 71 69
-10.0 -31.3 15.3 198 198 198
-5.0 -31.4 15.3 194 194 194
-4.7 -31.3 15.3 194 194 194
0.3 -31.4 15.4 184 184 184
1.0 -31.3 15.3 184 184 184
1.7 -31.4 15.3 184 184 184
2.1 -31.2 15.3 184 184 184
3.2 -31.3 15.3 184 184 184
3.5 -31.2 15.3 184 184 184
3.9 -31.2 15.3 184 184 184
4.9 -31.3 15.3 180 180 180
5.3 -31.2 15.3 180 180 180
5.6 -31.2 15.3 177 177 177
6.0 -31.2 15.3 177 177 177
7.1 -31.3 15.3 200 200 200
7.8 -31.3 15.3 204 204 204
8.1 -31.3 15.3 207 207 207
11.8 -31.4 15.4 207 207 207
12.1 -31.3 15.3 207 207 207
13.1 -31.3 15.3 207 207 207
14.9 -31.3 15.3 203 203 203
16.0 -31.3 15.3 206 206 206
39.4 -68.2 33.4 206 206 206
39.6 -67.1 32.8 206 206 206
40.7 -67.7 33.1 206 206 206
41.9 -68.4 33.5 206 206 206
46.0 -67.6 33.1 206 206 206
46.1 -66.6 32.6 206 206 206
47.0 -66.8 32.7 206 206 206
48.0 -67.1 32.8 206 206 206
49.3 -67.8 33.2 206 206 206
49.4 -67.0 32.8 206 206 206
49.2 -65.7 32.1 206 206 206
50.8 -65.9 32.2 206 206 206
51.9 -66.3 32.4 206 206 206
53.7 -67.6 33.1 206 206 206
55.3 -68.7 33.6 206 206 206
55.8 -68.3 33.4 207 207 207
56.1 -67.7 33.1 204 204 204
56.3 -67.0 32.8 204 204 204
57.1 -67.0 32.8 204 204 204
58.0 -67.2 32.9 205 205 205
129.1 -69.3 33.9 107 107 107
122.5 -65.3 32.0 97 100 99
-13.3 -27.5 13.6 27 27 27
-13.0 -27.5 13.6 29 30 28
-14.3 -31.0 15.3 29 30 28
-14.0 -31.0 15.4 27 29 27
-10.8 -31.1 15.4 214 214 214
-10.4 -31.1 15.4 218 218 218
-10.0 -31.1 15.4 216 216 216
-9.7 -31.0 15.3 215 215 215
-9.3 -31.1 15.4 214 214 214
-9.0 -31.3 15.5 211 211 211
-8.6 -31.1 15.4 210 210 210
-8.2 -31.0 15.3 210 210 210
-7.9 -31.0 15.4 209 209 209
-7.6 -31.1 15.4 207 207 207
-7.2 -31.1 15.4 206 206 206
-6.8 -31.0 15.4 204 204 204
-6.5 -31.1 15.4 203 203 203
-5.4 -31.1 15.4 200 200 200
-5.1 -31.1 15.4 197 197 197
-4.7 -31.1 15.4 197 197 197
-4.3 -31.0 15.4 197 197 197
-4.0 -31.0 15.4 197 197 197
-3.6 -31.0 15.4 195 195 195
-3.3 -31.0 15.4 195 195 195
-2.9 -31.0 15.3 195 195 195
-2.5 -31.0 15.3 195 195 195
-2.2 -31.1 15.4 195 195 195
-1.8 -31.1 15.4 197 197 197
-1.5 -31.1 15.4 195 195 195
-1.1 -31.1 15.4 195 195 195
-0.8 -31.0 15.4 192 192 192
0.3 -31.1 15.4 189 189 189
0.7 -31.1 15.4 192 192 192
1.0 -31.1 15.4 189 189 189
1.4 -31.2 15.4 189 189 189
1.7 -31.1 15.4 185 185 185
2.1 -31.0 15.4 185 185 185
2.5 -31.0 15.4 185 185 185
2.8 -31.0 15.4 183 183 183
3.2 -31.0 15.4 183 183 183
3.5 -31.0 15.4 183 183 183
3.9 -31.0 15.4 183 183 183
4.2 -31.0 15.4 183 183 183
4.6 -31.1 15.4 183 183 183
5.0 -31.1 15.4 183 183 183
5.3 -31.0 15.4 179 179 179
5.7 -31.0 15.4 179 179 179
6.0 -31.0 15.4 177 177 177
6.4 -31.0 15.4 174 174 174
6.7 -31.1 15.4 177 177 177
7.1 -31.1 15.4 199 199 199
7.5 -31.1 15.4 203 203 203
7.8 -31.1 15.4 203 203 203
8.2 -31.0 15.4 206 206 206
8.5 -31.1 15.4 206 206 206
8.9 -31.1 15.4 206 206 206
9.2 -31.0 15.4 206 206 206
9.6 -31.0 15.4 206 206 206
9.9 -31.0 15.4 206 206 206
10.3 -31.1 15.4 206 206 206
10.7 -31.1 15.4 206 206 206
11.0 -31.0 15.4 206 206 206
11.4 -31.2 15.4 206 206 206
11.8 -31.2 15.4 206 206 206
12.1 -31.0 15.3 206 206 206
12.4 -31.0 15.3 206 206 206
12.8 -31.1 15.4 206 206 206
13.2 -31.1 15.4 206 206 206
13.5 -31.0 15.4 206 206 206
13.9 -31.0 15.4 206 206 206
14.2 -31.0 15.4 206 206 206
14.6 -31.1 15.4 206 206 206
14.9 -31.0 15.4 206 206 206
15.3 -31.0 15.4 206 206 206
15.7 -31.1 15.4 206 206 206
16.0 -31.1 15.4 206 206 206
16.4 -31.1 15.4 206 206 206
16.7 -31.1 15.4 206 206 206
17.1 -31.0 15.4 206 206 206
17.5 -31.1 15.4 206 206 206
17.8 -31.1 15.4 206 206 206
18.2 -31.1 15.4 205 205 205
18.6 -31.1 15.4 205 205 205
18.9 -31.0 15.4 205 205 205
19.2 -31.0 15.4 205 205 205
19.6 -31.1 15.4 205 205 205
20.0 -31.1 15.4 205 205 205
20.3 -31.0 15.4 205 205 205
20.7 -31.0 15.4 205 205 205
46.8 -68.0 33.7 205 205 205
46.4 -66.3 32.8 205 205 205
47.6 -66.8 33.1 205 205 205
49.3 -68.1 33.7 205 205 205
50.4 -68.6 34.0 205 205 205
50.1 -67.2 33.2 205 205 205
51.3 -65.7 32.5 205 205 205
52.1 -65.8 32.6 205 205 205
54.2 -67.4 33.4 206 206 206
55.6 -68.3 33.8 206 206 206
56.4 -68.3 33.8 206 206 206
56.8 -67.8 33.5 206 206 206
56.9 -66.9 33.1 206 206 206
57.9 -67.2 33.2 204 204 204
59.8 -68.5 33.9 207 207 207
60.2 -68.1 33.7 204 204 204
128.7 -68.3 33.8 107 107 107
122.2 -64.5 31.9 105 105 105
-26.2 -23.7 11.9 48 48 48
-26.0 -23.7 11.9 48 48 48
-18.8 -23.7 11.9 90 92 91
-10.8 -23.6 11.8 29 30 28
-10.4 -23.5 11.8 29 30 28
47.0 -67.5 33.8 205 205 205
46.1 -65.2 32.6 204 204 204
50.0 -66.2 33.1 204 204 204
51.3 -64.9 32.5 205 205 205
51.9 -64.7 32.4 205 205 205
53.5 -65.8 33.0 205 205 205
55.3 -67.0 33.5 205 205 205
56.9 -68.1 34.1 205 205 205
57.0 -67.2 33.7 205 205 205
56.9 -66.2 33.1 206 206 206
57.7 -66.2 33.1 206 206 206
61.3 -69.5 34.8 208 208 208
125.1 -65.6 32.8 110 110 110
121.2 -63.2 31.6 105 105 105
-33.3 -23.4 11.8 54 54 54
-33.1 -23.4 11.8 57 57 57
-32.8 -23.4 11.8 57 57 57
-32.5 -23.4 11.8 58 58 58
-32.2 -23.4 11.8 58 58 58
-32.0 -23.4 11.8 55 55 55
-31.7 -23.4 11.8 58 58 58
-31.4 -23.4 11.8 58 58 58
-27.5 -23.4 11.8 49 49 49
-27.3 -23.4 11.8 49 49 49
-27.0 -23.4 11.8 49 49 49
-26.7 -23.4 11.8 49 49 49
-26.5 -23.4 11.8 49 49 49
-26.2 -23.4 11.8 49 49 49
-25.9 -23.4 11.8 49 49 49
-25.6 -23.4 11.8 49 49 49
-25.4 -23.4 11.8 49 49 49
-25.1 -23.4 11.8 47 48 47
-24.8 -23.4 11.8 47 48 47
-24.5 -23.3 11.8 45 45 45
-23.2 -23.4 11.8 46 46 46
-22.8 -23.3 11.8 44 44 44
-22.6 -23.4 11.8 42 42 42
-22.3 -23.4 11.8 42 42 42
-22.0 -23.4 11.8 41 40 38
-21.8 -23.4 11.8 41 40 38
-20.9 -23.4 11.8 39 39 39
-20.7 -23.4 11.8 41 41 39
-20.1 -23.4 11.9 42 42 40
-19.8 -23.4 11.8 46 46 46
-19.5 -23.3 11.8 50 50 50
-19.3 -23.3 11.8 38 40 40
-18.8 -23.4 11.9 98 98 98
-18.5 -23.4 11.8 68 70 68
-18.2 -23.3 11.8 69 71 69
-16.5 -23.3 11.8 19 19 19
-12.5 -23.6 11.9 27 27 27
-12.1 -23.4 11.8 27 27 27
-11.8 -23.3 11.8 27 27 27
-10.8 -23.3 11.8 29 30 28
-10.5 -23.4 11.8 31 30 29
-10.2 -23.3 11.8 31 30 29
-9.9 -23.4 11.8 34 36 36
-9.6 -23.3 11.8 41 41 41
12.3 -23.4 11.8 204 204 204
12.9 -23.4 11.9 204 204 204
13.2 -23.4 11.8 204 204 204
13.5 -23.4 11.8 204 204 204
13.7 -23.4 11.9 204 204 204
15.7 -23.4 11.8 204 204 204
15.9 -23.4 11.9 204 204 204
45.2 -63.1 32.0 204 204 204
45.8 -62.9 31.8 206 206 206
46.9 -63.3 32.1 206 206 206
48.8 -64.0 32.4 204 204 204
51.3 -64.2 32.5 204 204 204
51.7 -63.7 32.3 204 204 204
53.1 -64.5 32.7 204 204 204
53.2 -63.7 32.3 204 204 204
54.3 -64.2 32.5 205 205 205
56.8 -66.2 33.5 205 205 205
56.4 -64.8 32.8 205 205 205
56.8 -64.4 32.6 205 205 205
-35.0 -24.2 12.4 58 58 58
-34.8 -24.3 12.5 58 58 58
-31.9 -24.3 12.5 58 59 59
-31.6 -24.3 12.5 58 59 59
-31.3 -24.3 12.5 58 59 59
-31.0 -24.3 12.5 54 54 54
-30.7 -24.3 12.5 56 56 56
-30.4 -24.3 12.5 54 54 54
-28.4 -24.3 12.5 50 50 50
-28.1 -24.3 12.5 50 50 50
-27.8 -24.3 12.5 50 50 50
-27.5 -24.3 12.5 50 50 50
-27.2 -24.3 12.4 50 50 50
-27.0 -24.3 12.5 50 50 50
-26.7 -24.3 12.5 50 50 50
-26.4 -24.3 12.4 48 48 48
-25.5 -24.3 12.5 46 46 46
-25.2 -24.3 12.5 46 46 46
-24.9 -24.3 12.4 49 49 49
-17.5 -24.0 12.3 19 19 19
-12.5 -24.3 12.5 29 29 29
-12.2 -24.3 12.5 30 31 30
-11.3 -24.2 12.4 29 31 29
-11.0 -24.3 12.5 29 30 28
-10.7 -24.3 12.4 31 30 29
-2.7 -24.4 12.5 205 205 205
1.4 -24.5 12.6 194 194 194
1.7 -24.3 12.5 194 194 194
5.2 -24.3 12.5 181 181 181
5.5 -24.3 12.5 181 181 181
6.9 -24.3 12.5 204 204 204
7.2 -24.3 12.5 205 205 205
10.8 -24.5 12.6 204 204 204
11.0 -24.3 12.5 204 204 204
13.2 -24.2 12.4 204 204 204
13.4 -24.1 12.3 204 204 204
13.8 -24.3 12.4 204 204 204
14.1 -24.3 12.4 204 204 204
14.5 -24.4 12.5 204 204 204
14.7 -24.3 12.4 206 206 206
15.0 -24.3 12.5 206 206 206
15.9 -24.3 12.5 203 203 203
16.2 -24.3 12.4 206 206 206
16.5 -24.3 12.5 206 206 206
16.7 -24.3 12.4 206 206 206
45.7 -64.1 32.8 203 203 203
45.2 -62.3 32.0 203 203 203
45.6 -61.9 31.7 205 205 205
46.6 -62.2 31.9 205 205 205
48.3 -63.5 32.6 205 205 205
48.6 -62.9 32.2 203 203 203
48.3 -61.5 31.5 203 203 203
51.6 -63.9 32.7 203 203 203
52.0 -63.4 32.5 200 200 200
52.9 -63.5 32.6 204 204 204
52.8 -62.6 32.1 204 204 204
56.5 -65.1 33.4 204 204 204
56.1 -63.7 32.7 204 204 204
56.2 -63.0 32.3 205 205 205
-35.3 -24.2 12.6 58 59 59
-35.2 -24.3 12.6 60 62 60
-34.8 -24.3 12.6 60 62 60
-34.6 -24.3 12.6 61 63 61
-34.3 -24.3 12.6 58 59 59
-34.0 -24.3 12.6 58 59 59
-33.7 -24.3 12.6 58 59 59
-33.4 -24.3 12.6 59 59 59
-33.1 -24.3 12.6 61 63 61
-32.8 -24.3 12.6 59 59 59
-32.6 -24.3 12.6 59 59 59
-32.3 -24.3 12.6 59 59 59
-31.9 -24.3 12.6 59 59 59
-31.7 -24.3 12.6 57 57 57
-31.4 -24.3 12.6 55 55 55
-31.0 -24.2 12.6 55 55 55
-30.7 -24.2 12.6 55 55 55
-30.4 -24.2 12.6 54 53 52
-30.2 -24.3 12.6 54 53 52
-29.9 -24.3 12.6 54 53 52
-29.6 -24.3 12.6 54 53 52
-29.3 -24.3 12.6 50 50 50
-29.0 -24.3 12.6 51 51 51
-28.7 -24.3 12.6 51 51 51
-28.5 -24.3 12.6 51 51 51
-28.2 -24.3 12.6 51 51 51
-27.8 -24.3 12.6 51 51 51
-27.5 -24.3 12.6 51 51 51
-27.2 -24.2 12.6 51 51 51
-26.9 -24.2 12.6 51 51 51
-26.4 -24.5 12.7 50 50 50
-25.5 -24.3 12.6 47 48 47
-25.2 -24.2 12.6 47 48 47
-24.6 -24.2 12.6 46 46 46
-12.7 -24.5 12.7 27 27 27
-12.3 -24.2 12.6 29 29 29
-11.3 -24.0 12.4 29 31 29
-11.1 -24.2 12.6 29 31 29
-10.8 -24.0 12.5 32 31 30
-10.4 -23.8 12.3 36 38 37
-3.0 -24.5 12.7 208 211 210
-2.7 -24.4 12.7 207 207 207
-2.4 -24.3 12.6 208 208 208
-2.1 -24.3 12.6 205 205 205
-1.8 -24.3 12.6 205 205 205
1.4 -24.5 12.7 196 196 196
1.7 -24.2 12.6 196 196 196
2.0 -24.3 12.6 196 196 196
2.3 -24.2 12.6 194 194 194
4.4 -24.3 12.6 182 182 182
5.2 -24.3 12.6 180 180 180
5.5 -24.3 12.6 180 180 180
5.8 -24.2 12.6 197 197 197
6.1 -24.2 12.6 204 204 204
6.4 -24.2 12.5 204 204 204
6.7 -24.2 12.6 204 204 204
7.0 -24.3 12.6 204 204 204
7.9 -24.3 12.6 204 204 204
8.2 -24.3 12.6 204 204 204
8.8 -24.3 12.6 204 204 204
9.9 -24.3 12.6 204 204 204
10.9 -24.5 12.7 204 204 204
11.1 -24.3 12.6 204 204 204
11.2 -24.0 12.4 204 204 204
13.4 -24.3 12.6 203 203 203
13.5 -24.0 12.4 203 203 203
13.9 -24.1 12.5 203 203 203
14.3 -24.2 12.6 203 203 203
14.7 -24.4 12.7 205 205 205
14.9 -24.3 12.6 205 205 205
15.2 -24.3 12.6 207 207 207
15.4 -24.2 12.6 205 205 205
15.8 -24.3 12.6 205 205 205
16.1 -24.3 12.6 205 205 205
16.3 -24.3 12.6 205 205 205
16.7 -24.4 12.7 205 205 205
16.9 -24.2 12.5 207 207 207
49.2 -62.9 32.6 205 205 205
52.6 -64.3 33.4 203 203 203
52.8 -63.5 33.0 203 203 203
53.3 -63.3 32.8 205 205 205
53.2 -62.2 32.3 205 205 205
57.0 -64.9 33.7 204 204 204
56.6 -63.5 33.0 204 204 204
56.6 -62.7 32.5 204 204 204
76.2 -83.3 43.2 204 204 204
89.4 -95.2 49.4 204 204 204
-29.3 -24.7 13.0 52 52 52
-25.8 -24.8 13.0 48 48 48
-13.1 -25.6 13.4 31 32 30
-10.2 -23.2 12.2 36 38 37
-9.7 -22.5 11.8 45 45 45
1.5 -24.7 13.0 197 197 197
10.8 -24.8 13.0 203 203 203
11.1 -24.7 13.0 203 203 203
15.1 -24.7 13.0 205 205 205
17.1 -24.6 12.9 205 205 205
49.1 -62.0 32.6 204 204 204
53.6 -63.8 33.5 205 205 205
53.6 -62.9 33.0 205 205 205
53.2 -61.5 32.3 205 205 205
56.3 -63.3 33.2 203 203 203
66.9 -73.2 38.4 203 203 203
72.4 -78.2 41.0 203 203 203
173.3 -184.8 97.0 204 204 204
28.3 -27.7 14.5 207 207 207
28.6 -27.6 14.5 205 205 205
29.8 -28.1 14.7 203 203 203
29.9 -27.9 14.6 199 199 199
30.8 -27.8 14.6 184 184 184
-30.4 -24.5 13.0 56 55 54
-30.0 -24.5 13.0 56 55 54
-29.7 -24.5 13.0 56 55 54
-29.4 -24.5 13.0 53 52 52
-29.1 -24.5 13.0 53 52 52
-28.8 -24.5 13.0 53 52 52
-28.5 -24.5 13.0 53 52 52
-28.2 -24.5 13.0 53 52 52
-27.9 -24.5 13.0 53 52 52
-25.8 -24.5 13.0 53 52 52
-25.4 -24.5 13.0 49 49 49
-13.1 -25.2 13.4 31 32 30
-12.7 -25.0 13.3 37 38 37
-9.7 -22.4 11.9 45 45 45
-9.4 -22.3 11.8 184 184 184
1.5 -24.5 13.0 199 199 199
10.9 -24.7 13.1 202 202 202
13.0 -22.5 11.9 202 202 202
13.3 -22.5 11.9 204 204 204
15.1 -24.5 13.0 204 204 204
14.7 -22.5 11.9 204 204 204
14.9 -22.5 11.9 204 204 204
15.2 -22.5 11.9 204 204 204
15.6 -22.5 12.0 204 204 204
16.1 -22.5 11.9 204 204 204
16.3 -22.4 11.9 204 204 204
55.7 -65.4 34.8 204 204 204
54.8 -63.4 33.7 204 204 204
54.4 -62.1 33.0 204 204 204
68.2 -72.8 38.7 205 205 205
67.7 -71.3 37.9 203 203 203
28.3 -27.4 14.5 204 204 204
28.5 -27.2 14.5 204 204 204
29.7 -27.7 14.7 202 202 202
29.8 -27.5 14.6 202 202 202
30.4 -27.4 14.6 181 181 181
30.8 -27.4 14.6 183 183 183
31.1 -27.4 14.6 186 186 186
-25.9 -24.4 13.1 53 53 53
-10.6 -18.7 10.1 111 111 111
-13.1 -24.9 13.4 84 84 84
-12.7 -24.8 13.3 58 59 59
-10.4 -23.0 12.4 28 28 28
13.4 -22.9 12.3 204 204 204
15.1 -22.9 12.3 204 204 204
15.7 -22.9 12.3 204 204 204
16.0 -22.9 12.3 204 204 204
16.6 -22.9 12.3 203 203 203
16.5 -22.4 12.0 203 203 203
55.8 -64.7 34.8 203 203 203
55.3 -63.2 34.0 204 204 204
54.4 -61.3 33.0 204 204 204
28.1 -26.8 14.4 203 203 203
28.4 -26.8 14.4 204 204 204
28.5 -26.5 14.3 204 204 204
29.6 -26.9 14.5 198 198 198
29.6 -26.6 14.3 165 165 165
30.1 -26.8 14.4 178 178 178
-17.9 -18.5 10.1 47 46 45
-12.3 -18.6 10.1 23 26 24
-12.1 -18.7 10.2 35 36 34
-11.0 -18.4 10.0 30 30 30
-10.6 -18.5 10.1 30 29 29
-13.5 -24.7 13.5 80 80 80
-13.2 -24.7 13.4 20 20 20
-12.8 -24.6 13.4 35 35 35
-10.5 -23.6 12.9 54 54 54
54.4 -60.6 33.0 203 203 203
53.7 -59.0 32.2 203 203 203
55.6 -60.3 32.8 203 203 203
28.0 -26.4 14.4 203 203 203
28.1 -25.9 14.1 203 203 203
29.2 -26.5 14.4 203 203 203
29.4 -26.4 14.4 203 203 203
29.3 -26.1 14.2 168 168 168
-12.4 -18.5 10.2 25 29 26
-11.0 -18.1 10.0 37 37 35
-11.0 -18.6 10.2 34 36 34
-10.7 -18.5 10.2 33 35 33
-13.2 -24.4 13.5 33 34 32
-10.6 -23.5 13.0 55 55 55
15.7 -20.2 11.1 202 202 202
54.7 -59.3 32.7 203 203 203
55.6 -59.5 32.8 203 203 203
45.9 -46.6 25.7 203 203 203
28.4 -25.7 14.2 205 205 205
29.2 -26.2 14.5 203 203 203
29.5 -26.2 14.5 205 205 205
29.3 -25.7 14.2 164 164 164
-11.0 -18.4 10.3 134 134 134
-10.8 -18.3 10.3 118 118 118
-11.0 -23.5 13.1 48 48 48
-10.6 -23.2 13.0 59 59 59
-9.9 -23.0 12.9 181 184 183
15.5 -19.6 10.9 202 202 202
56.1 -59.2 33.1 205 205 205
46.6 -47.3 26.4 203 203 203
46.1 -46.2 25.8 203 203 203
48.2 -47.6 26.6 203 203 203
29.4 -25.5 14.2 165 165 165
-10.7 -18.1 10.2 45 45 45
-11.0 -23.2 13.2 44 44 44
-10.7 -23.1 13.1 57 57 57
-10.4 -23.1 13.1 181 184 183
15.3 -18.7 10.6 204 204 204
56.7 -59.1 33.5 205 205 205
56.2 -57.8 32.7 205 205 205
48.3 -48.3 27.4 205 205 205
46.4 -45.8 25.9 205 205 205
46.5 -45.3 25.7 205 205 205
-10.7 -17.7 10.2 131 131 131
-10.7 -22.9 13.1 58 58 58
54.5 -55.3 31.7 204 204 204
53.5 -53.6 30.8 204 204 204
47.3 -46.1 26.5 205 205 205
49.3 -47.5 27.3 205 205 205
-10.7 -17.5 10.2 39 39 39
-10.8 -24.2 14.1 179 182 181
-10.5 -24.1 14.0 179 182 181
55.4 -55.5 32.3 204 204 204
54.3 -53.7 31.2 204 204 204
47.5 -45.7 26.6 204 204 204
48.6 -45.5 26.5 205 205 205
-12.3 -17.2 10.1 33 33 33
-10.6 -17.1 10.1 84 86 86
-10.4 -23.7 14.0 180 183 182
-10.1 -23.6 13.9 177 180 179
58.5 -57.8 34.1 207 207 207
56.8 -55.3 32.6 204 204 204
-12.7 -16.9 10.1 37 39 37
-12.3 -16.9 10.1 33 33 33
-11.0 -16.7 10.0 51 50 48
-10.6 -16.9 10.1 23 23 23
-10.5 -23.5 14.1 179 179 179
-10.1 -23.4 14.0 176 176 176
59.0 -55.2 33.0 207 207 207
-12.8 -16.8 10.2 33 33 33
-12.3 -16.7 10.2 32 32 32
-11.0 -16.5 10.0 34 36 34
-10.6 -16.7 10.1 33 35 33
-10.6 -23.5 14.2 180 183 182
-10.2 -23.3 14.1 174 174 174
15.8 -18.7 11.3 205 205 205
15.9 -18.5 11.2 205 205 205
59.0 -54.4 33.0 206 206 206
69.7 -33.0 20.0 178 178 178
70.1 -33.0 20.0 178 178 178
-27.2 -18.3 11.2 71 71 71
-12.3 -16.5 10.1 53 52 51
-11.0 -16.3 10.0 32 32 32
-10.6 -16.4 10.1 33 35 33
15.6 -19.2 11.8 205 205 205
15.9 -19.2 11.8 205 205 205
16.0 -18.7 11.5 205 205 205
59.6 -54.2 33.4 206 206 206
59.4 -53.4 32.8 206 206 206
46.0 -35.0 21.5 188 188 188
44.7 -33.6 20.7 188 188 188
43.7 -32.6 20.0 188 188 188
43.3 -31.9 19.6 188 188 188
69.2 -32.5 20.0 179 179 179
69.0 -32.2 19.8 179 179 179
69.5 -32.2 19.8 179 179 179
-27.8 -17.6 11.0 59 59 57
-27.6 -17.6 11.0 72 73 71
-27.3 -17.6 11.0 75 76 76
-27.0 -17.6 11.0 78 78 78
-26.8 -17.6 11.0 80 80 80
-26.6 -17.6 11.0 98 97 95
-26.3 -17.6 11.0 157 160 159
-26.0 -17.6 11.0 150 152 152
-25.8 -17.6 11.0 155 155 155
-16.6 -17.6 11.0 30 30 30
-11.3 -17.6 11.0 43 45 44
-11.0 -17.5 10.9 132 135 134
-10.2 -17.6 11.0 105 105 105
15.8 -18.8 11.7 205 205 205
16.0 -18.8 11.7 205 205 205
16.1 -18.5 11.5 205 205 205
20.0 -18.9 11.8 207 210 209
60.2 -54.0 33.7 206 206 206
59.5 -52.7 32.9 206 206 206
59.1 -51.6 32.2 206 206 206
40.3 -30.9 19.3 180 180 180
40.6 -30.8 19.2 185 185 185
40.8 -30.7 19.1 188 188 188
44.6 -33.1 20.7 188 188 188
42.7 -31.0 19.4 188 188 188
42.5 -30.5 19.0 189 189 189
67.9 -31.3 19.5 180 180 180
67.0 -30.4 19.0 180 180 180
65.8 -29.7 18.5 180 180 180
-27.3 -17.3 11.0 105 104 102
-27.0 -17.3 11.0 155 155 155
-26.3 -17.3 11.0 71 71 71
-26.1 -17.3 11.0 73 74 72
-25.8 -17.3 11.0 73 74 72
-12.3 -16.0 10.1 136 138 137
-11.0 -15.8 10.0 33 34 32
-10.6 -15.9 10.1 30 30 30
-11.0 -17.3 10.9 122 122 122
-10.2 -17.3 11.0 105 107 107
-10.2 -17.6 11.2 110 112 111
-11.7 -25.5 16.2 173 175 175
-11.3 -25.4 16.1 166 166 166
-11.0 -25.6 16.2 158 161 160
16.0 -18.4 11.7 204 204 204
16.1 -18.3 11.6 204 204 204
17.0 -18.4 11.6 204 204 204
19.8 -18.5 11.7 207 210 209
61.5 -54.3 34.4 206 206 206
60.5 -52.8 33.4 206 206 206
59.8 -51.5 32.6 206 206 206
40.6 -30.7 19.4 183 183 183
44.5 -32.5 20.6 189 189 189
43.0 -31.1 19.7 189 189 189
42.7 -30.6 19.4 189 189 189
41.7 -29.5 18.7 189 189 189
41.5 -29.1 18.4 189 189 189
66.4 -29.7 18.8 181 181 181
65.8 -29.3 18.5 181 181 181
-13.2 -16.0 10.3 34 36 34
-12.8 -15.9 10.2 155 155 155
-12.3 -15.9 10.2 144 146 146
-12.1 -15.9 10.2 64 63 61
-11.9 -15.8 10.2 84 84 84
-11.1 -15.7 10.1 35 34 33
-10.9 -15.9 10.2 32 33 31
-10.7 -15.8 10.2 30 29 29
-11.9 -25.5 16.4 178 178 178
-11.4 -25.3 16.2 167 167 167
15.9 -18.0 11.6 206 209 208
16.1 -18.0 11.6 206 209 208
19.7 -18.1 11.6 206 209 208
62.1 -54.1 34.8 207 210 209
61.4 -52.8 33.9 206 206 206
60.4 -51.3 33.0 206 206 206
59.1 -49.6 31.8 206 206 206
42.4 -29.9 19.2 189 189 189
41.6 -29.1 18.7 189 189 189
41.3 -28.5 18.3 189 189 189
41.5 -28.4 18.3 189 189 189
67.1 -29.6 19.0 182 182 182
66.4 -29.1 18.7 182 182 182
-34.7 -26.2 17.1 65 65 65
-33.5 -25.9 16.9 62 62 62
-33.1 -25.9 16.9 62 62 62
-32.5 -25.8 16.8 65 65 65
-13.2 -15.7 10.3 33 35 33
-12.8 -15.6 10.2 23 26 24
-12.3 -15.6 10.2 31 31 31
-12.1 -15.5 10.1 31 31 31
-11.8 -15.6 10.2 33 34 32
-11.0 -15.4 10.1 32 33 31
-10.9 -15.6 10.2 28 28 28
-10.6 -15.5 10.1 27 27 27
-12.1 -25.6 16.7 179 179 179
-11.6 -25.3 16.5 172 172 172
-11.3 -25.6 16.7 167 167 167
19.9 -18.0 11.7 206 209 208
61.1 -51.0 33.3 207 210 209
59.3 -49.0 32.0 208 211 210
839.2 -432.8 282.3 199 199 199
67.7 -29.8 19.4 183 183 183
69.1 -30.2 19.7 185 185 185
67.7 -29.4 19.2 183 183 183
67.1 -28.9 18.9 183 183 183
-47.2 -26.6 17.6 68 68 68
-46.3 -26.3 17.5 71 72 70
-45.8 -26.3 17.4 115 117 116
-45.8 -26.5 17.6 152 152 152
-45.0 -26.5 17.6 21 24 22
-44.6 -26.6 17.6 36 37 36
-43.8 -26.3 17.4 54 54 54
-43.3 -26.3 17.4 45 44 43
-42.9 -26.2 17.4 40 42 42
-42.6 -26.3 17.4 33 32 30
-42.2 -26.3 17.4 39 39 39
-41.7 -26.2 17.4 45 44 43
-41.3 -26.2 17.4 42 42 42
-40.9 -26.3 17.4 40 40 40
-39.6 -26.7 17.7 19 23 20
-38.6 -26.4 17.5 52 52 52
-38.0 -26.2 17.4 41 43 42
-37.8 -26.4 17.5 47 47 47
-37.3 -26.3 17.4 47 48 47
-36.7 -26.1 17.3 52 52 52
-36.3 -26.7 17.7 60 59 58
-35.4 -26.4 17.5 62 62 62
-34.9 -26.3 17.5 62 62 62
-34.8 -26.5 17.6 62 62 62
-34.0 -26.2 17.4 61 60 59
-33.1 -25.8 17.1 62 62 62
-13.1 -15.4 10.2 33 35 33
-12.3 -15.3 10.1 33 34 32
-12.0 -15.3 10.1 33 34 32
-11.8 -15.3 10.1 32 33 31
-11.0 -15.1 10.0 31 32 30
-10.6 -15.3 10.1 27 27 27
-12.4 -25.9 17.1 174 176 176
-11.6 -25.8 17.1 169 169 169
15.9 -17.8 11.8 206 209 208
16.2 -17.8 11.8 205 208 207
18.1 -17.9 11.9 204 207 206
18.4 -17.8 11.8 205 208 207
19.8 -17.9 11.9 206 209 208
20.0 -17.8 11.8 206 209 208
20.3 -17.9 11.8 206 209 208
20.6 -17.9 11.8 206 209 208
63.3 -52.8 35.0 207 210 209
61.3 -50.5 33.4 207 210 209
58.8 -47.8 31.7 207 210 209
814.8 -413.8 274.1 200 200 200
69.8 -30.1 19.9 186 186 186
68.4 -29.3 19.4 184 184 184
67.8 -28.8 19.1 184 184 184
-48.9 -29.2 19.6 21 24 22
-48.5 -29.2 19.6 26 26 26
-47.1 -29.2 19.7 48 48 48
-41.3 -29.3 19.7 38 38 38
-12.8 -15.1 10.2 29 29 29
-12.3 -15.1 10.2 36 37 36
-12.1 -15.1 10.2 38 38 38
-11.0 -14.9 10.0 72 73 71
16.3 -17.7 11.9 205 208 207
18.6 -17.8 12.0 207 210 209
20.2 -17.7 11.9 208 211 210
61.7 -50.0 33.7 207 210 209
54.2 -42.9 28.8 207 210 209
653.8 -326.9 220.0 197 197 197
70.5 -29.9 20.1 185 185 185
70.4 -29.7 20.0 185 185 185
61.1 -24.7 16.7 162 162 162
61.8 -24.7 16.6 147 149 149
-5.1 -17.8 12.1 115 115 115
-4.8 -17.7 12.1 134 134 134
-4.5 -17.8 12.1 151 153 153
-4.2 -17.7 12.1 163 166 165
-4.0 -17.7 12.1 164 167 166
-3.7 -17.6 12.1 164 167 166
-3.1 -17.7 12.1 177 180 179
-2.6 -17.8 12.1 156 156 156
-2.3 -17.8 12.1 147 149 149
-2.0 -17.7 12.1 143 143 142
-1.7 -17.7 12.1 143 143 142
-1.4 -17.7 12.1 143 143 142
-1.2 -17.7 12.1 150 152 152
-0.9 -17.7 12.1 150 152 152
-0.6 -17.7 12.1 148 150 150
-0.3 -17.7 12.1 147 147 147
-0.0 -17.7 12.1 144 144 144
0.2 -17.7 12.1 148 150 150
0.5 -17.7 12.1 148 150 150
0.8 -17.7 12.1 148 150 150
1.1 -17.7 12.1 150 152 152
1.4 -17.7 12.1 148 150 150
1.9 -17.7 12.1 154 154 154
2.2 -17.7 12.1 161 164 163
2.5 -17.7 12.1 158 158 158
2.8 -17.7 12.1 156 156 156
3.1 -17.7 12.1 158 158 158
3.3 -17.7 12.1 161 164 163
3.9 -17.8 12.1 155 155 155
4.2 -17.7 12.1 155 155 155
4.5 -17.7 12.1 156 156 156
4.7 -17.7 12.1 156 156 156
5.0 -17.7 12.1 161 164 163
5.3 -17.7 12.1 150 152 152
5.6 -17.7 12.1 210 210 210
5.9 -17.7 12.1 212 214 214
6.1 -17.7 12.1 212 214 214
6.4 -17.6 12.1 212 214 214
7.3 -17.8 12.2 212 214 214
7.6 -17.8 12.1 212 214 214
7.8 -17.7 12.1 212 214 214
8.1 -17.7 12.1 210 213 212
8.4 -17.7 12.1 210 213 212
8.7 -17.7 12.1 210 213 212
9.0 -17.7 12.1 210 213 212
9.2 -17.7 12.1 210 213 212
10.4 -17.7 12.1 209 212 211
10.6 -17.7 12.1 209 212 211
10.9 -17.7 12.1 209 212 211
11.2 -17.7 12.1 208 211 210
11.5 -17.7 12.1 208 211 210
11.8 -17.7 12.1 208 211 210
12.3 -17.7 12.1 208 211 210
12.9 -17.7 12.1 207 210 209
13.2 -17.7 12.1 207 210 209
13.4 -17.7 12.1 207 210 209
13.8 -17.8 12.1 207 210 209
14.0 -17.7 12.1 207 210 209
14.6 -17.8 12.1 206 209 208
14.9 -17.7 12.1 206 209 208
15.2 -17.7 12.1 206 209 208
15.4 -17.7 12.1 206 209 208
16.6 -17.7 12.1 205 208 207
17.4 -17.7 12.1 204 207 206
17.7 -17.7 12.1 204 207 206
18.0 -17.7 12.1 204 207 206
18.2 -17.7 12.1 204 207 206
18.5 -17.7 12.1 206 209 208
18.8 -17.7 12.1 206 209 208
19.0 -17.7 12.1 206 209 208
19.4 -17.7 12.1 207 210 209
19.7 -17.8 12.1 207 210 209
19.9 -17.7 12.1 207 210 209
20.1 -17.6 12.0 207 210 209
20.5 -17.7 12.1 208 211 210
20.8 -17.8 12.1 208 211 210
21.0 -17.7 12.1 208 211 210
21.3 -17.7 12.1 208 211 210
55.2 -43.0 29.4 209 212 211
53.3 -40.9 28.0 207 210 209
906.8 -446.4 305.1 198 198 198
61.4 -24.5 16.7 160 160 160
61.3 -24.3 16.6 155 155 155
61.8 -24.3 16.6 149 151 151
-13.6 -29.0 20.1 170 171 170
-13.3 -29.3 20.4 133 133 133
-7.8 -20.0 13.9 35 34 33
-7.4 -19.9 13.8 39 39 39
-4.8 -17.3 12.0 132 132 132
-4.5 -17.4 12.1 140 140 140
-4.2 -17.4 12.1 137 137 137
-3.9 -17.3 12.0 137 137 137
-3.6 -17.2 11.9 143 143 142
-3.1 -17.4 12.1 139 141 140
-2.8 -17.4 12.1 139 141 140
-2.6 -17.4 12.1 149 151 151
-2.3 -17.4 12.1 149 149 149
-2.0 -17.4 12.1 152 154 154
-1.7 -17.4 12.1 149 151 151
-1.4 -17.4 12.1 149 151 151
-1.2 -17.4 12.1 156 156 156
-0.9 -17.4 12.1 156 156 156
-0.3 -17.4 12.1 152 154 154
-0.0 -17.4 12.1 145 145 144
0.2 -17.4 12.1 149 149 149
0.5 -17.3 12.0 148 148 148
0.8 -17.4 12.1 140 140 140
1.1 -17.4 12.1 150 152 152
1.4 -17.4 12.1 152 154 154
1.7 -17.4 12.1 150 152 152
1.9 -17.4 12.1 162 162 162
2.2 -17.4 12.1 168 168 168
2.5 -17.4 12.1 168 168 168
2.8 -17.4 12.1 172 172 172
3.0 -17.3 12.0 172 172 172
3.3 -17.3 12.0 173 173 173
3.6 -17.4 12.1 189 189 189
3.9 -17.4 12.1 198 198 198
4.2 -17.4 12.1 191 191 191
4.5 -17.4 12.1 186 186 186
4.7 -17.3 12.0 182 182 182
5.0 -17.4 12.1 185 185 185
5.3 -17.3 12.0 182 182 182
5.6 -17.3 12.0 210 210 210
5.8 -17.3 12.0 213 215 215
6.1 -17.2 12.0 215 218 217
6.4 -17.3 12.0 215 218 217
7.6 -17.4 12.1 212 214 214
7.8 -17.4 12.1 212 214 214
8.1 -17.4 12.1 212 214 214
8.4 -17.3 12.0 209 209 209
8.6 -17.3 12.0 210 213 212
8.9 -17.3 12.0 210 213 212
9.2 -17.3 12.0 210 213 212
10.3 -17.4 12.1 209 212 211
10.6 -17.4 12.1 209 212 211
10.9 -17.3 12.0 209 212 211
11.2 -17.4 12.1 208 211 210
11.5 -17.4 12.1 208 211 210
11.7 -17.4 12.1 208 211 210
12.0 -17.4 12.1 206 206 206
12.3 -17.4 12.1 208 211 210
12.6 -17.4 12.1 207 210 209
12.9 -17.4 12.1 207 210 209
13.1 -17.3 12.0 207 210 209
13.4 -17.4 12.1 207 210 209
13.8 -17.4 12.1 209 212 211
14.0 -17.3 12.0 209 212 211
14.8 -17.4 12.1 208 211 210
15.1 -17.4 12.1 206 209 208
15.3 -17.3 12.0 205 208 207
15.6 -17.3 12.0 203 203 203
17.6 -17.4 12.1 206 209 208
17.9 -17.4 12.1 206 209 208
18.2 -17.3 12.0 206 209 208
18.4 -17.3 12.0 206 209 208
18.7 -17.3 12.0 206 209 208
18.9 -17.2 12.0 206 209 208
19.3 -17.3 12.0 206 209 208
19.6 -17.4 12.1 207 210 209
19.8 -17.3 12.0 207 210 209
20.0 -17.2 11.9 207 210 209
20.4 -17.3 12.0 207 210 209
20.7 -17.4 12.1 208 211 210
20.9 -17.3 12.0 208 211 210
60.4 -46.9 32.6 209 212 211
56.5 -43.3 30.1 209 212 211
54.0 -40.8 28.4 209 212 211
55.5 -41.5 28.8 210 213 212
62.6 -24.7 17.2 164 164 164
62.0 -24.3 16.9 161 161 161
61.5 -24.0 16.7 155 155 155
61.9 -24.0 16.7 150 150 150
64.1 -24.7 17.1 146 146 146
64.3 -24.6 17.1 139 141 140
-20.2 -19.2 13.6 26 26 26
-16.8 -19.3 13.6 42 42 42
-13.3 -28.9 20.4 134 137 136
-12.8 -28.8 20.3 43 43 43
-7.9 -19.9 14.0 45 45 45
-7.5 -19.8 14.0 34 34 34
-3.9 -16.8 11.9 138 138 138
-3.6 -16.8 11.8 150 150 150
-3.3 -16.8 11.8 161 161 161
-3.1 -16.8 11.9 132 132 132
-2.8 -16.8 11.9 158 158 158
-2.0 -16.8 11.9 169 171 170
-1.7 -16.8 11.9 165 165 165
-1.4 -16.8 11.9 163 163 163
-1.1 -16.8 11.9 158 158 158
-0.9 -16.8 11.8 152 154 154
-0.6 -16.8 11.8 162 162 162
-0.3 -16.8 11.9 160 160 160
-0.0 -16.8 11.9 165 168 167
0.2 -16.8 11.9 178 178 178
0.5 -16.8 11.9 165 168 167
0.8 -16.8 11.9 175 175 175
1.1 -16.8 11.9 170 171 170
1.3 -16.8 11.9 166 169 168
1.9 -16.8 11.9 159 159 159
2.2 -16.8 11.9 163 163 163
2.4 -16.8 11.9 163 163 163
2.7 -16.8 11.9 164 167 166
3.0 -16.8 11.9 163 163 163
3.3 -16.8 11.8 164 167 166
3.8 -16.9 11.9 200 200 200
4.1 -16.8 11.9 192 192 192
4.4 -16.8 11.9 163 166 165
4.7 -16.8 11.9 158 158 158
4.9 -16.8 11.9 179 179 179
5.2 -16.8 11.9 178 178 178
5.5 -16.8 11.9 211 211 211
5.8 -16.8 11.9 213 215 215
6.0 -16.8 11.8 215 218 217
6.3 -16.8 11.9 215 218 217
6.6 -16.8 11.8 215 218 217
7.4 -16.9 11.9 215 218 217
7.7 -16.8 11.9 212 214 214
8.0 -16.8 11.9 212 214 214
8.2 -16.8 11.9 214 216 216
8.5 -16.8 11.8 214 216 216
10.2 -16.8 11.9 209 212 211
10.4 -16.8 11.9 209 212 211
10.7 -16.8 11.9 209 212 211
11.0 -16.8 11.9 208 211 210
11.8 -16.8 11.9 208 211 210
12.1 -16.8 11.8 207 210 209
12.4 -16.8 11.9 207 210 209
12.6 -16.8 11.9 207 210 209
12.9 -16.8 11.9 207 210 209
13.2 -16.8 11.8 209 212 211
13.5 -16.8 11.9 209 212 211
13.7 -16.8 11.9 209 212 211
14.6 -16.8 11.9 208 211 210
14.9 -16.8 11.9 208 211 210
15.1 -16.8 11.9 208 211 210
15.4 -16.8 11.8 205 208 207
15.6 -16.7 11.8 207 210 209
17.3 -16.8 11.9 206 209 208
17.6 -16.8 11.9 206 209 208
17.9 -16.9 11.9 206 209 208
18.2 -16.8 11.9 205 208 207
18.4 -16.8 11.8 206 209 208
18.7 -16.8 11.8 206 209 208
19.0 -16.8 11.9 206 209 208
19.6 -16.9 11.9 207 210 209
19.8 -16.8 11.9 207 210 209
20.1 -16.8 11.9 207 210 209
20.4 -16.9 11.9 207 210 209
20.6 -16.8 11.8 208 211 210
20.9 -16.8 11.8 208 211 210
21.2 -16.8 11.9 208 211 210
60.3 -46.0 32.5 209 212 211
57.2 -43.1 30.4 209 212 211
55.3 -41.2 29.1 209 212 211
56.8 -41.7 29.5 209 212 211
56.2 -40.8 28.8 210 213 212
62.3 -24.1 17.0 160 160 160
61.5 -23.6 16.7 153 155 155
61.8 -23.5 16.6 148 148 148
63.0 -23.9 16.9 141 143 142
63.5 -23.9 16.9 137 137 137
-39.7 -19.6 14.1 26 26 26
-39.4 -19.6 14.1 110 112 111
-39.0 -19.6 14.1 135 135 135
-38.7 -19.6 14.1 19 23 20
-38.4 -19.6 14.1 24 24 24
-38.0 -19.6 14.1 21 24 22
-37.7 -19.6 14.1 21 24 22
-37.4 -19.6 14.1 19 23 20
-37.1 -19.6 14.1 26 26 26
-36.7 -19.6 14.1 20 23 21
-36.4 -19.6 14.1 35 35 35
-36.1 -19.6 14.1 52 52 52
-35.8 -19.6 14.1 154 153 151
-35.4 -19.6 14.1 179 179 179
-35.1 -19.6 14.1 141 143 142
-34.8 -19.6 14.1 155 154 152
-34.4 -19.6 14.1 169 169 169
-34.1 -19.6 14.1 174 176 176
-33.8 -19.6 14.1 124 127 126
-33.5 -19.6 14.1 88 90 89
-33.1 -19.6 14.1 202 202 202
-32.8 -19.6 14.1 201 203 203
-32.5 -19.6 14.1 37 38 37
-29.2 -19.6 14.1 59 59 59
-28.9 -19.6 14.1 65 66 64
-28.5 -19.6 14.1 68 68 68
-28.2 -19.6 14.1 68 68 68
-27.9 -19.6 14.1 65 66 64
-27.6 -19.6 14.1 68 68 68
-27.2 -19.6 14.1 65 66 64
-26.9 -19.6 14.1 68 68 68
-26.6 -19.7 14.1 65 66 64
-26.3 -19.7 14.1 14 14 14
-25.9 -19.6 14.1 77 78 76
-25.6 -19.6 14.1 196 196 196
-25.3 -19.6 14.1 222 222 222
-25.0 -19.7 14.1 217 217 217
-24.7 -19.7 14.1 218 218 218
-24.3 -19.6 14.1 178 178 178
-23.9 -19.6 14.1 143 143 142
-22.0 -19.6 14.1 202 202 202
-21.7 -19.7 14.1 7 13 9
-21.3 -19.6 14.1 43 43 43
-21.0 -19.6 14.1 115 115 115
-20.7 -19.6 14.1 115 115 115
-20.3 -19.6 14.1 123 125 124
-20.0 -19.6 14.1 77 78 76
-19.8 -19.7 14.1 71 71 71
-19.4 -19.7 14.1 35 35 35
-19.1 -19.7 14.1 28 28 28
-18.7 -19.7 14.1 80 80 80
-18.4 -19.6 14.1 62 62 62
-17.7 -19.6 14.1 30 31 30
-17.4 -19.6 14.1 42 44 43
-17.1 -19.7 14.1 61 61 61
-16.8 -19.6 14.1 37 38 37
-16.4 -19.7 14.1 131 131 131
-16.1 -19.7 14.1 53 53 53
-15.8 -19.6 14.1 103 105 105
-15.4 -19.6 14.1 17 21 18
-13.4 -28.6 20.5 175 175 175
-12.9 -28.4 20.4 111 111 109
-12.2 -28.0 20.1 27 27 27
-7.9 -19.7 14.1 113 115 114
-7.6 -19.6 14.1 32 32 32
-7.2 -19.6 14.0 43 43 43
-4.3 -19.7 14.1 184 187 186
20.6 -16.7 12.0 207 210 209
20.6 -16.5 11.9 207 210 209
61.3 -46.0 33.0 209 212 211
57.3 -42.4 30.5 209 212 211
58.2 -42.1 30.2 209 212 211
63.2 -24.0 17.2 159 159 159
62.3 -23.5 16.9 154 154 154
62.4 -23.4 16.8 144 146 146
63.2 -23.5 16.9 140 140 140
63.8 -23.6 17.0 134 134 134
-39.9 -19.4 14.2 132 135 134
-33.8 -19.5 14.2 116 118 117
-33.1 -19.5 14.2 54 54 54
-32.8 -19.5 14.2 46 46 46
-28.5 -19.5 14.2 64 64 64
-28.1 -19.5 14.2 59 59 59
-27.5 -19.5 14.2 59 59 59
-27.2 -19.5 14.2 58 58 56
-26.5 -19.5 14.2 25 25 25
-26.0 -19.4 14.1 55 55 55
-25.8 -19.5 14.2 83 83 83
-25.5 -19.5 14.2 96 96 96
-25.2 -19.5 14.2 170 171 170
-24.9 -19.5 14.3 212 214 214
-24.4 -19.4 14.2 219 219 219
-22.2 -19.5 14.2 190 192 192
-21.9 -19.6 14.3 6 7 7
-21.5 -19.5 14.2 67 67 67
-20.5 -19.8 14.5 37 38 37
-19.9 -19.5 14.3 95 94 93
-19.5 -19.5 14.2 29 31 29
-19.2 -19.5 14.2 29 31 29
-18.9 -19.5 14.2 121 123 122
-17.9 -19.5 14.2 33 32 30
-17.6 -19.5 14.2 41 43 42
-17.3 -19.5 14.2 79 79 79
-16.9 -19.5 14.2 35 35 35
-16.6 -19.5 14.2 69 71 69
-15.6 -19.5 14.2 26 26 26
-13.6 -28.5 20.8 176 176 176
-13.2 -28.7 21.0 155 155 155
-8.0 -19.5 14.2 108 108 108
-7.6 -19.4 14.2 28 28 28
-4.0 -19.5 14.2 206 206 206
-3.4 -19.5 14.2 199 199 199
54.2 -36.8 26.8 210 213 212
53.9 -36.1 26.4 212 214 214
54.5 -36.1 26.4 208 211 210
55.0 -36.0 26.3 178 178 178
55.5 -36.0 26.3 191 191 191
63.4 -23.4 17.1 138 140 139
65.0 -23.8 17.4 132 135 134
-26.2 -19.2 14.3 50 50 50
-25.5 -19.7 14.6 165 165 165
-21.8 -19.4 14.4 71 71 71
-20.9 -19.2 14.3 71 71 71
-20.9 -19.8 14.7 100 100 100
-20.2 -19.5 14.5 109 109 109
-14.1 -29.0 21.5 177 177 177
-14.1 -30.1 22.3 156 156 156
-8.0 -19.2 14.2 75 75 75
-7.7 -19.2 14.2 32 32 32
-7.2 -19.0 14.1 99 99 99
53.9 -35.9 26.7 210 213 212
53.3 -35.1 26.1 210 213 212
53.6 -34.9 25.9 212 214 214
54.4 -35.1 26.1 179 179 179
66.7 -24.0 17.8 134 136 135
71.7 -25.7 19.0 133 133 133
73.0 -26.0 19.3 133 133 133
-25.4 -19.3 14.6 173 175 175
-22.0 -19.3 14.6 23 23 23
-20.9 -18.9 14.3 6 7 7
-20.7 -19.3 14.6 83 85 85
-20.3 -19.2 14.5 108 110 110
-15.4 -31.1 23.5 152 152 152
-8.0 -18.8 14.2 49 50 48
-7.6 -18.8 14.2 30 32 32
-7.2 -18.6 14.1 120 122 121
-7.0 -18.8 14.2 124 124 124
-6.6 -18.8 14.2 126 129 128
54.3 -35.6 26.9 210 213 212
53.7 -34.8 26.3 210 213 212
51.9 -32.5 24.6 192 192 192
81.6 -50.6 38.2 196 196 196
77.0 -47.2 35.7 196 196 196
67.1 -23.8 17.9 134 134 134
-17.2 -15.2 11.7 102 101 99
-21.0 -19.2 14.8 82 84 84
-20.6 -19.1 14.7 115 115 115
-15.9 -32.8 25.2 86 88 88
-7.6 -18.5 14.2 42 42 42
-7.2 -18.2 14.0 107 109 109
-7.0 -18.6 14.3 112 114 113
-6.7 -18.6 14.3 113 114 113
56.2 -36.6 28.1 210 213 212
51.6 -32.1 24.7 180 180 180
75.5 -45.5 35.0 199 199 199
76.6 -45.6 35.1 199 199 199
73.0 -25.1 19.3 129 132 131
73.9 -25.2 19.4 129 132 131
-75.4 -34.2 26.8 74 74 74
-75.1 -34.4 26.9 67 67 67
-74.5 -34.4 26.9 58 58 58
-73.9 -34.4 26.9 72 72 72
-73.3 -34.4 26.9 144 146 146
-72.6 -34.4 26.9 166 169 168
-72.0 -34.4 26.9 164 164 164
-71.4 -34.4 26.9 164 164 164
-70.8 -34.4 26.9 208 208 208
-70.1 -34.4 26.9 204 204 204
-69.5 -34.4 26.9 204 204 204
-68.9 -34.4 26.9 160 160 160
-68.3 -34.4 26.9 34 34 34
-67.6 -34.4 26.9 79 81 79
-67.0 -34.4 26.9 75 76 76
-66.5 -34.4 26.9 71 71 71
-65.7 -34.3 26.9 67 67 67
-64.9 -34.3 26.8 59 59 59
-63.2 -34.4 26.9 29 31 29
-62.8 -34.5 27.0 25 25 25
-62.1 -34.4 26.9 24 24 24
-61.4 -34.4 26.9 29 31 29
-60.7 -34.4 26.9 164 164 164
-60.1 -34.4 26.9 190 190 190
-59.5 -34.4 26.9 182 182 182
-58.9 -34.4 26.9 110 110 110
-58.2 -34.4 26.9 193 196 195
-57.5 -34.3 26.9 192 195 194
-57.0 -34.4 26.9 178 178 178
-55.4 -34.5 27.0 120 120 120
-54.4 -34.3 26.9 145 145 144
-53.9 -34.4 26.9 94 94 94
-53.2 -34.4 26.9 15 15 15
-52.5 -34.3 26.8 34 34 34
-52.1 -34.4 26.9 35 35 35
-51.6 -34.5 27.0 44 43 42
-50.8 -34.4 26.9 39 41 41
-49.8 -34.2 26.8 27 29 27
-42.8 -34.5 27.0 24 24 24
-41.9 -34.3 26.9 82 84 84
-41.3 -34.3 26.9 22 22 22
-40.7 -34.4 26.9 48 48 48
-40.1 -34.3 26.9 37 38 37
-39.5 -34.4 26.9 15 15 15
-38.8 -34.3 26.9 25 25 25
-38.3 -34.5 27.0 30 29 28
-37.7 -34.4 26.9 112 112 112
-17.4 -34.1 26.7 87 89 88
-16.9 -34.3 26.8 82 82 82
-16.5 -34.6 27.1 55 57 57
-15.8 -34.5 27.0 112 114 113
-7.2 -17.8 13.9 114 116 115
-6.7 -17.5 13.7 117 117 117
-6.7 -18.4 14.4 118 120 119
16.9 -12.9 10.1 210 210 210
54.0 -33.4 26.2 210 213 212
103.2 -62.4 48.9 194 194 194
75.3 -44.6 34.9 199 199 199
76.3 -44.7 35.0 199 199 199
-77.4 -34.5 27.5 71 71 71
-77.0 -34.6 27.6 71 71 71
-76.4 -34.6 27.6 74 74 74
-75.7 -34.6 27.6 132 132 132
-75.1 -34.6 27.6 182 182 182
-74.4 -34.6 27.6 181 180 178
-73.8 -34.6 27.6 184 187 186
-73.1 -34.6 27.6 175 175 175
-72.5 -34.6 27.6 192 192 192
-71.9 -34.6 27.6 212 214 214
-71.2 -34.6 27.6 88 89 87
-70.6 -34.6 27.6 29 31 29
-69.9 -34.6 27.6 53 52 52
-69.3 -34.6 27.6 71 71 71
-68.9 -34.7 27.7 73 73 73
-68.2 -34.7 27.7 75 76 76
-67.2 -34.5 27.5 73 73 73
-66.5 -34.5 27.5 62 62 62
-65.0 -34.7 27.7 34 34 34
-64.5 -34.7 27.7 25 25 25
-63.6 -34.6 27.6 20 23 21
-62.9 -34.6 27.6 24 24 24
-62.3 -34.6 27.6 161 161 161
-61.6 -34.6 27.6 177 180 179
-61.0 -34.6 27.6 192 192 192
-60.3 -34.6 27.6 164 163 161
-59.6 -34.5 27.5 150 152 152
-59.0 -34.5 27.5 186 188 187
-58.4 -34.6 27.6 168 170 169
-56.4 -34.5 27.5 126 129 128
-55.7 -34.5 27.5 103 103 103
-55.1 -34.5 27.5 67 68 66
-54.4 -34.5 27.5 6 11 7
-53.6 -34.4 27.4 4 10 6
-53.2 -34.5 27.5 4 10 6
-52.9 -34.7 27.7 27 27 27
-52.1 -34.6 27.6 34 34 34
-51.1 -34.4 27.4 16 20 17
-44.1 -34.9 27.8 25 25 25
-42.9 -34.5 27.5 85 85 85
-42.3 -34.5 27.5 30 29 28
-41.7 -34.6 27.6 58 58 58
-41.2 -34.6 27.6 35 35 35
-40.5 -34.6 27.6 50 50 50
-39.7 -34.5 27.5 62 62 62
-39.2 -34.6 27.6 39 39 39
-17.8 -34.1 27.2 87 89 88
-17.1 -34.1 27.2 86 88 88
-16.7 -34.5 27.5 71 71 71
-16.1 -34.5 27.5 111 113 112
-6.9 -18.6 14.8 125 124 123
-6.5 -18.5 14.7 108 108 108
16.8 -12.8 10.2 209 209 209
16.9 -12.7 10.1 210 210 210
17.8 -12.6 10.1 211 211 211
54.8 -33.6 26.8 216 216 216
54.6 -33.1 26.4 216 216 216
108.3 -65.0 51.8 183 183 183
99.9 -59.3 47.3 196 196 196
76.3 -43.8 35.0 200 200 200
70.8 -40.3 32.1 200 200 200
50.5 -17.5 13.9 117 119 118
50.6 -17.4 13.9 121 121 121
73.8 -24.3 19.4 126 126 126
-79.3 -34.6 28.1 77 79 77
-79.2 -34.9 28.4 79 81 79
-78.5 -34.9 28.4 40 42 42
-77.9 -34.9 28.4 162 165 164
-77.2 -34.9 28.4 144 146 146
-76.5 -34.9 28.4 156 156 156
-75.9 -34.9 28.4 183 183 183
-75.2 -34.9 28.4 183 182 180
-74.6 -34.9 28.4 198 198 198
-73.9 -34.9 28.4 145 147 147
-73.3 -34.9 28.4 71 71 71
-72.6 -34.9 28.4 51 51 51
-71.9 -34.9 28.4 63 64 62
-71.3 -34.9 28.4 71 71 71
-71.0 -35.1 28.5 73 73 73
-70.2 -35.0 28.4 70 70 70
-69.0 -34.7 28.2 67 69 67
-67.6 -35.4 28.7 24 24 24
-66.5 -35.2 28.6 17 21 18
-65.4 -35.0 28.4 17 21 18
-65.1 -35.1 28.5 17 21 18
-64.1 -35.0 28.4 143 143 142
-63.4 -34.9 28.4 155 155 155
-62.7 -34.9 28.4 177 177 177
-62.0 -34.9 28.4 149 151 151
-61.2 -34.8 28.3 133 133 133
-61.3 -35.2 28.6 194 194 194
-60.0 -34.8 28.3 178 181 180
-57.7 -34.7 28.2 117 119 118
-57.2 -34.7 28.2 136 138 137
-56.4 -34.6 28.1 101 100 98
-55.3 -34.4 27.9 6 11 7
-55.5 -34.9 28.4 14 14 14
-54.5 -35.1 28.5 33 33 33
-53.3 -34.8 28.3 38 40 40
-45.2 -35.1 28.5 23 23 23
-44.1 -34.7 28.2 79 81 79
-43.5 -34.8 28.3 23 23 23
-42.8 -34.8 28.3 23 23 23
-42.5 -35.1 28.5 105 107 107
-41.6 -34.9 28.4 66 66 66
-40.8 -34.8 28.3 37 40 39
-16.9 -33.0 26.8 86 88 88
-17.1 -34.7 28.2 77 77 77
-16.5 -34.8 28.3 75 76 76
-7.0 -18.4 15.0 125 124 123
-6.6 -18.2 14.8 103 103 103
17.1 -12.8 10.4 212 213 212
16.8 -12.4 10.0 212 213 212
17.7 -12.4 10.0 211 211 211
55.0 -32.7 26.6 210 213 212
54.7 -32.2 26.2 183 183 183
99.9 -58.2 47.3 195 195 195
86.3 -49.7 40.4 199 199 199
76.6 -43.2 35.1 200 200 200
71.1 -39.7 32.2 200 200 200
51.3 -17.5 14.2 107 109 109
50.9 -17.3 14.0 108 110 110
50.8 -17.1 13.9 112 112 112
73.4 -23.7 19.3 128 128 128
-81.9 -35.1 29.1 79 81 79
-81.5 -35.5 29.4 156 156 156
-78.7 -35.5 29.4 209 209 209
-78.0 -35.5 29.4 147 149 149
-76.0 -35.5 29.4 118 120 119
-75.3 -35.5 29.4 70 70 70
-73.6 -35.7 29.6 70 70 70
-72.5 -35.5 29.4 70 70 70
-68.8 -35.7 29.6 15 15 15
-67.4 -35.7 29.6 17 21 18
-66.5 -35.6 29.5 133 133 133
-65.7 -35.5 29.4 151 153 153
-65.0 -35.5 29.4 115 114 114
-64.3 -35.5 29.4 150 150 150
-63.6 -35.5 29.4 146 146 146
-55.2 -35.4 29.3 40 40 40
-46.5 -35.5 29.4 29 29 27
-45.8 -35.4 29.3 81 84 83
-45.1 -35.5 29.4 14 14 14
-44.4 -35.4 29.3 23 23 23
-43.8 -35.5 29.4 25 27 25
-42.9 -35.3 29.2 23 23 23
-17.3 -33.2 27.5 86 88 88
-17.0 -35.1 29.1 48 50 48
-7.4 -18.3 15.2 132 132 132
-7.1 -18.3 15.1 131 134 133
-6.7 -18.1 15.0 101 101 101
16.7 -12.1 10.0 212 213 212
55.3 -32.4 26.8 210 213 212
74.4 -41.6 34.5 200 200 200
76.0 -42.1 34.8 200 200 200
73.1 -40.0 33.1 202 202 202
51.3 -17.1 14.2 108 108 108
51.1 -16.9 14.0 107 107 107
73.3 -23.2 19.2 150 152 152
-29.7 -16.4 13.9 156 156 156
-20.2 -13.9 11.7 51 51 51
-18.3 -13.9 11.7 77 77 77
-17.9 -13.8 11.7 36 39 38
-11.6 -14.0 11.8 165 165 165
-11.3 -14.0 11.8 226 226 226
-10.8 -13.7 11.6 226 226 226
-19.3 -39.2 33.1 34 34 34
-7.1 -17.9 15.2 139 139 139
-6.7 -17.8 15.1 97 97 97
55.7 -31.9 26.9 210 213 212
75.1 -41.2 34.8 203 203 203
76.3 -41.4 35.0 203 203 203
73.1 -39.2 33.1 202 202 202
44.1 -21.6 18.3 199 199 199
42.9 -20.8 17.6 192 192 192
52.0 -17.0 14.4 102 104 104
51.6 -16.8 14.2 102 104 104
73.3 -22.9 19.4 71 71 71
73.1 -22.7 19.2 156 156 156
-32.9 -13.5 11.7 134 137 136
-27.3 -13.5 11.6 96 96 96
-27.2 -13.5 11.7 63 64 62
-26.9 -13.6 11.7 41 41 41
-26.6 -13.5 11.7 15 15 15
-26.3 -13.5 11.7 103 103 103
-25.9 -13.6 11.7 169 171 170
-25.5 -13.5 11.7 144 144 144
-25.2 -13.5 11.7 165 164 162
-21.5 -13.6 11.7 43 42 41
-21.2 -13.6 11.7 56 56 56
-20.9 -13.6 11.7 50 50 50
-20.6 -13.5 11.6 52 52 52
-20.5 -13.6 11.7 52 52 52
-20.2 -13.6 11.7 55 54 53
-19.8 -13.5 11.6 51 51 51
-19.6 -13.5 11.7 54 53 52
-19.2 -13.5 11.6 51 51 51
-18.8 -13.6 11.7 39 39 39
-18.4 -13.5 11.6 14 18 15
-18.2 -13.6 11.7 42 43 42
-17.9 -13.5 11.6 67 67 67
-13.4 -13.6 11.7 25 26 24
-13.1 -13.6 11.7 27 26 25
-12.8 -13.5 11.7 29 29 29
-12.6 -13.6 11.7 24 25 23
-12.3 -13.6 11.7 38 38 36
-11.9 -13.7 11.8 37 37 35
-11.3 -13.7 11.8 229 229 229
-10.8 -13.5 11.6 231 231 231
-21.3 -39.2 33.8 89 89 89
-20.5 -39.2 33.8 105 105 105
55.4 -31.1 26.8 218 218 218
74.9 -40.3 34.7 203 203 203
75.9 -40.4 34.8 203 203 203
70.7 -37.2 32.1 202 202 202
43.3 -20.8 17.9 196 196 196
42.5 -20.2 17.4 193 193 193
73.8 -22.5 19.4 153 155 155
-27.6 -13.5 11.9 143 143 142
-27.3 -13.5 11.9 147 147 147
-27.0 -13.5 11.9 131 131 131
-21.7 -13.6 11.9 64 64 64
-20.4 -13.4 11.8 59 59 59
-20.0 -13.4 11.8 56 56 56
-19.8 -13.5 11.8 64 65 63
-19.1 -13.6 11.9 224 224 224
-13.2 -13.4 11.8 25 26 24
-12.5 -13.5 11.9 31 31 31
-11.9 -13.5 11.9 208 208 208
-11.6 -13.5 11.9 96 99 98
-11.4 -13.5 11.9 191 191 191
-11.0 -13.4 11.8 231 231 231
-22.3 -40.3 35.4 90 90 90
-21.6 -40.4 35.5 80 80 80
-20.7 -42.0 36.9 109 111 111
-6.7 -17.2 15.1 90 92 91
-4.1 -18.1 15.9 179 179 179
55.3 -30.4 26.8 218 218 218
75.9 -39.6 34.8 203 203 203
64.2 -32.8 28.8 202 202 202
43.1 -20.3 17.9 199 199 199
42.2 -19.7 17.3 193 193 193
-96.8 -45.4 40.8 149 151 151
-96.0 -45.5 40.9 150 152 152
-97.6 -46.7 41.9 180 180 180
-96.0 -46.4 41.7 192 192 192
-93.8 -45.8 41.1 154 154 154
-92.8 -45.8 41.1 7 13 9
-92.1 -45.9 41.2 7 13 9
-89.2 -46.4 41.7 137 139 138
-75.0 -47.3 42.4 81 83 80
-71.7 -45.7 41.0 56 56 56
-61.9 -47.8 42.9 85 85 85
-58.8 -46.1 41.4 36 39 38
-22.7 -41.6 37.3 103 103 103
-24.6 -46.8 42.0 30 32 32
-22.8 -45.2 40.6 30 29 29
-6.7 -16.9 15.1 89 91 90
-5.8 -17.3 15.5 179 179 179
-4.1 -17.7 15.9 181 181 181
-3.7 -17.7 15.9 180 180 180
55.3 -29.9 26.8 218 218 218
63.5 -31.7 28.5 202 202 202
40.0 -18.1 16.3 184 184 184
39.3 -17.6 15.8 116 116 116
-101.7 -46.3 42.4 198 201 200
-99.6 -45.8 41.9 112 112 112
-99.2 -46.1 42.2 145 145 144
-99.2 -46.5 42.6 98 98 98
-97.3 -46.1 42.2 138 140 139
-96.3 -46.1 42.2 149 149 149
-95.3 -46.1 42.2 7 13 9
-94.6 -46.2 42.3 24 24 24
-92.0 -46.4 42.5 20 23 21
-90.2 -46.0 42.1 103 102 100
-75.7 -46.7 42.8 51 51 51
-73.2 -45.8 41.9 92 92 92
-63.2 -47.8 43.8 100 100 100
-60.0 -46.1 42.2 87 86 84
-57.7 -45.1 41.3 109 109 109
-25.4 -45.7 41.9 110 110 110
-24.7 -46.2 42.3 17 17 17
-23.0 -44.8 41.0 21 21 21
-5.8 -17.0 15.6 181 181 181
-4.1 -17.3 15.9 182 182 182
55.2 -29.2 26.7 218 218 218
62.7 -30.7 28.1 203 203 203
56.2 -26.9 24.7 202 202 202
39.8 -17.6 16.2 191 191 191
39.2 -17.2 15.8 118 120 119
-97.4 -43.8 41.0 143 143 142
-96.9 -44.0 41.2 115 114 114
-94.2 -44.1 41.3 149 149 149
-93.2 -44.1 41.3 6 7 7
-92.5 -44.2 41.4 26 26 26
-89.4 -44.1 41.3 18 22 19
-88.2 -44.0 41.2 103 102 100
-74.2 -44.8 41.9 116 118 117
-71.8 -43.9 41.1 56 55 54
-58.9 -44.3 41.5 55 55 55
-24.8 -43.5 40.8 104 104 104
-24.1 -44.1 41.3 11 16 13
-22.5 -42.9 40.2 23 23 22
-7.2 -16.4 15.4 166 166 166
-6.8 -16.2 15.2 88 88 88
-6.1 -16.5 15.4 182 182 182
-5.8 -16.6 15.5 185 185 185
-5.5 -16.6 15.5 185 185 185
-4.1 -16.8 15.8 184 184 184
62.3 -29.8 27.9 203 203 203
59.2 -28.1 26.3 202 202 202
-100.3 -43.7 41.9 172 174 174
-97.8 -43.1 41.2 160 160 160
-97.1 -43.1 41.3 63 63 63
-97.0 -43.5 41.7 105 105 103
-95.4 -43.2 41.4 137 139 138
-95.2 -43.6 41.8 168 170 169
-93.7 -43.3 41.5 6 7 7
-92.7 -43.3 41.5 29 31 29
-91.9 -43.4 41.6 45 44 43
-90.6 -43.7 41.9 18 22 19
-88.6 -43.2 41.4 115 115 115
-87.5 -43.1 41.3 123 123 123
-74.4 -43.9 42.0 201 203 203
-72.0 -43.1 41.2 190 190 190
-57.3 -42.9 41.0 89 89 89
-24.3 -43.5 41.7 19 19 19
-22.7 -42.3 40.5 23 23 22
-6.7 -15.8 15.2 92 92 92
-6.5 -16.2 15.5 184 184 184
-6.1 -16.0 15.3 184 184 184
-5.8 -16.2 15.5 186 188 187
-5.5 -16.3 15.6 186 188 187
-5.1 -16.1 15.4 186 188 187
62.2 -29.1 27.9 203 203 203
57.9 -26.9 25.7 203 203 203
55.3 -25.4 24.3 202 202 202
43.1 -18.6 17.8 204 204 204
-108.5 -46.2 45.3 144 144 144
-103.0 -44.3 43.4 154 154 154
-105.6 -46.3 45.4 118 120 119
-100.9 -44.7 43.8 122 122 122
-99.6 -44.6 43.7 115 114 114
-99.1 -44.8 43.9 55 55 55
-97.8 -44.7 43.8 58 58 56
-95.9 -44.3 43.4 55 55 55
-98.4 -46.4 45.5 97 96 94
-78.0 -45.0 44.1 219 219 219
-75.8 -44.3 43.4 209 209 209
-24.7 -43.1 42.2 30 32 32
-23.0 -41.8 40.9 25 24 23
-6.7 -15.4 15.1 87 89 88
-6.6 -15.9 15.6 184 187 186
-6.1 -15.7 15.4 184 187 186
-5.8 -15.9 15.6 188 190 190
-5.6 -16.1 15.8 188 190 190
-5.1 -16.0 15.7 188 190 190
55.9 -25.1 24.6 203 203 203
46.5 -19.9 19.4 205 205 205
42.9 -18.0 17.6 200 200 200
41.8 -17.4 17.0 204 204 204
-25.6 -43.7 43.8 46 46 46
-36.8 -65.6 65.7 17 17 17
-33.6 -62.3 62.4 157 157 157
-6.7 -15.1 15.1 93 93 93
-6.6 -15.5 15.6 186 188 187
-6.1 -15.4 15.4 187 189 189
-5.2 -15.9 15.9 191 191 191
48.5 -20.4 20.5 205 205 205
-9.7 -10.1 10.4 193 193 193
-38.3 -66.6 68.3 20 20 20
-34.9 -63.4 65.0 163 163 163
-6.7 -14.8 15.2 90 90 90
-5.3 -15.6 16.0 190 190 190
48.7 -20.1 20.6 204 204 204
-9.8 -10.0 10.5 182 185 184
-46.0 -75.0 78.8 25 25 25
-41.1 -69.8 73.3 19 19 19
-42.5 -75.3 79.1 161 161 161
-40.5 -75.0 78.8 178 178 178
48.0 -19.3 20.3 204 204 204
46.8 -18.6 19.6 205 205 205
-50.0 -79.5 85.6 25 24 23
-46.9 -77.7 83.7 19 19 19
-47.1 -81.3 87.6 166 169 168
-44.2 -79.8 86.0 180 180 180
-5.1 -15.4 16.6 188 188 188
-4.3 -15.3 16.5 189 189 189
49.0 -19.2 20.7 204 204 204
46.8 -18.2 19.6 204 204 204
-53.9 -83.5 92.3 22 23 21
-50.5 -81.5 90.1 20 20 20
-48.9 -82.3 90.9 168 170 169
-48.2 -84.8 93.6 179 179 179
-4.7 -15.1 16.7 189 189 189
-4.3 -15.0 16.6 188 188 188
49.0 -18.7 20.7 204 204 204
-25.5 -10.9 12.3 70 70 70
-57.5 -86.9 98.5 30 30 30
-52.8 -83.0 94.1 34 34 34
-51.1 -83.8 95.1 166 169 168
-51.7 -88.7 100.6 179 182 181
-4.3 -14.6 16.6 186 186 186
-25.5 -10.6 12.3 120 122 121
-58.0 -88.8 103.4 28 28 28
-53.5 -85.5 99.6 161 161 161
-3.9 -14.3 16.6 183 183 183
-25.8 -10.3 12.3 143 143 142
-25.5 -10.3 12.3 126 126 126
-9.7 -8.7 10.4 193 196 195
-9.3 -8.6 10.3 184 184 184
-62.8 -93.5 111.9 22 23 21
-107.0 -166.4 199.1 172 172 172
-6.4 -16.2 19.4 191 191 191
-5.9 -16.2 19.3 189 189 189
-4.6 -14.7 17.6 184 184 184
-4.0 -14.2 17.0 182 182 182
20.2 -9.7 11.6 219 219 219
20.3 -9.6 11.5 216 216 216
20.6 -9.6 11.5 217 217 217
-27.1 -10.5 12.9 134 134 134
-27.3 -10.7 13.2 133 133 133
-26.9 -10.7 13.1 173 173 173
-26.4 -10.7 13.2 47 48 47
-26.2 -10.7 13.2 57 57 57
-25.7 -10.7 13.1 60 59 58
-9.8 -8.5 10.5 192 195 194
-111.7 -168.8 207.9 164 167 166
-103.5 -163.5 201.2 176 176 176
-6.3 -15.5 19.1 182 182 182
-5.8 -15.5 19.1 178 181 180
-5.3 -15.1 18.6 178 181 180
-4.0 -13.9 17.1 174 176 176
20.3 -9.5 11.7 219 222 221
20.5 -9.4 11.6 219 222 221
20.8 -9.4 11.6 220 223 222
-27.3 -10.3 13.0 137 139 138
-27.4 -10.4 13.2 133 133 133
-26.9 -10.4 13.1 165 168 167
-26.7 -10.4 13.2 105 105 103
-26.5 -10.4 13.2 48 48 48
-26.2 -10.4 13.2 58 58 58
-25.7 -10.4 13.2 58 58 58
-25.3 -10.4 13.1 57 57 57
-127.1 -186.6 236.5 157 157 157
-115.8 -177.7 225.2 175 175 175
-130.8 -210.2 266.4 182 182 182
-145.1 -244.7 310.1 161 161 161
-6.6 -14.9 18.9 111 113 112
-6.2 -15.0 19.0 110 112 111
-5.8 -15.0 19.0 105 105 105
-5.3 -14.7 18.6 126 126 126
-4.7 -14.4 18.2 131 133 132
20.4 -9.2 11.7 219 222 221
20.6 -9.2 11.7 220 223 222
-27.4 -10.1 13.2 120 122 121
-47.3 -17.7 23.1 143 143 142
-26.5 -10.1 13.2 61 60 59
-46.4 -20.1 26.2 57 57 57
-44.0 -19.3 25.2 56 56 56
-42.4 -18.9 24.6 59 59 57
-199.4 -284.0 370.9 160 163 162
-194.6 -289.7 378.3 174 176 176
-6.3 -14.7 19.1 96 96 96
-5.8 -14.6 19.1 87 87 87
-5.3 -14.4 18.8 109 111 111
-4.7 -13.9 18.2 119 121 120
20.9 -8.6 11.2 220 220 220
-48.2 -16.9 22.8 147 147 147
-27.1 -9.6 12.9 122 124 123
-27.1 -9.7 13.1 117 117 117
-46.8 -17.0 22.8 123 123 123
-46.0 -16.9 22.7 100 100 100
-46.3 -19.4 26.2 60 59 58
-43.9 -18.7 25.1 60 59 58
-41.4 -17.8 24.0 60 59 58
-6.8 -14.4 19.3 108 110 110
-6.4 -14.4 19.4 98 100 100
-5.9 -14.4 19.4 92 95 94
-5.4 -14.3 19.2 116 118 117
-47.4 -16.1 22.4 74 74 74
-26.8 -9.2 12.8 39 39 39
-46.4 -16.3 22.7 57 57 57
-45.4 -16.1 22.4 58 59 59
-46.9 -19.1 26.5 62 62 62
-43.8 -18.0 25.1 62 62 62
-41.6 -17.4 24.2 60 59 58
-38.1 -16.1 22.4 60 59 58
-6.8 -13.9 19.3 99 99 99
-6.4 -14.0 19.4 91 93 92
-5.9 -13.9 19.4 82 82 82
3.0 -11.9 16.6 144 144 144
3.4 -11.9 16.5 144 144 144
3.8 -11.8 16.4 138 138 138
-59.5 -15.3 22.0 66 67 65
-48.8 -15.5 22.3 75 76 76
-48.2 -15.5 22.3 75 75 75
-47.8 -15.5 22.3 77 78 76
-46.6 -15.3 22.0 67 67 67
-45.7 -15.5 22.3 52 52 52
-44.6 -15.3 22.0 52 52 52
-43.8 -15.2 21.9 64 64 64
-45.5 -17.9 25.7 62 62 62
-43.6 -17.4 25.0 60 59 58
-37.8 -15.5 22.2 57 57 57
-6.7 -13.3 19.1 223 225 225
-6.4 -13.5 19.3 198 198 198
-5.9 -13.4 19.2 155 155 155
-5.3 -13.2 19.0 155 155 155
0.3 -12.0 17.2 209 209 209
2.8 -12.1 17.3 140 142 141
3.1 -11.9 17.1 140 142 141
3.4 -11.6 16.7 139 141 140
-61.8 -14.8 21.9 30 29 28
-62.0 -14.9 22.2 30 29 28
-61.7 -15.0 22.3 30 29 28
-60.9 -15.0 22.4 27 29 27
-59.7 -14.9 22.1 31 30 29
-48.9 -15.0 22.3 60 60 60
-48.2 -15.0 22.3 64 63 61
-48.0 -15.1 22.4 60 60 60
-46.7 -14.8 22.0 59 59 59
-45.9 -14.7 21.9 49 49 49
-45.8 -15.0 22.4 52 52 52
-44.9 -14.9 22.2 43 45 44
-44.0 -14.8 22.0 73 73 73
-43.8 -14.9 22.1 125 125 125
-40.1 -15.7 23.3 60 59 58
-37.7 -14.9 22.2 57 57 57
-6.4 -13.0 19.4 205 205 205
-5.9 -13.0 19.4 118 120 119
-0.9 -11.6 17.2 243 243 243
-0.5 -11.6 17.2 249 249 249
-0.1 -11.7 17.3 246 246 246
0.3 -11.6 17.2 212 213 212
2.8 -11.7 17.3 139 141 140
3.1 -11.6 17.2 137 137 137
3.5 -11.5 17.1 137 137 137
17.0 -7.0 10.3 219 222 221
17.1 -6.9 10.2 220 223 222
17.8 -7.0 10.4 220 223 222
19.3 -7.0 10.4 220 220 220
19.5 -7.0 10.4 220 223 222
19.7 -7.0 10.4 220 223 222
-47.5 -11.0 16.9 43 43 43
-47.2 -11.0 16.9 41 41 41
-46.8 -11.0 16.9 37 38 37
-46.4 -11.0 16.9 34 34 34
-59.0 -14.2 21.9 27 29 27
-44.4 -11.0 16.9 26 26 26
-44.1 -11.0 16.9 29 30 28
-43.6 -11.0 16.9 29 30 28
-907.4 -250.8 386.0 27 27 27
-37.7 -11.1 17.1 28 28 28
-37.1 -11.0 17.0 22 25 23
-36.7 -11.0 17.0 25 25 25
-36.3 -11.0 17.0 35 34 33
-35.8 -11.0 16.9 31 32 30
-44.8 -14.2 21.9 31 32 30
-44.2 -14.2 21.8 148 148 148
-37.2 -14.2 21.9 60 59 58
-5.9 -12.5 19.2 156 156 156
-0.8 -11.0 16.9 244 247 246
-0.4 -11.0 17.0 244 247 246
-0.1 -11.1 17.1 243 243 243
3.1 -11.0 16.9 140 142 141
3.5 -10.9 16.8 140 142 141
3.9 -10.9 16.8 140 142 141
13.7 -6.7 10.4 216 216 216
14.0 -6.7 10.4 218 218 218
17.0 -6.8 10.5 220 223 222
17.1 -6.7 10.4 220 223 222
17.7 -6.8 10.4 220 223 222
17.9 -6.8 10.4 222 224 224
18.1 -6.7 10.4 220 223 222
19.3 -6.7 10.4 220 220 220
19.5 -6.8 10.4 222 224 224
19.7 -6.7 10.4 222 224 224
20.0 -6.7 10.4 220 220 220
-47.0 -10.5 16.7 63 64 62
-37.0 -10.6 16.9 28 28 28
-35.7 -10.5 16.8 20 23 21
-34.3 -10.5 16.8 42 42 42
-0.8 -10.5 16.7 243 243 243
-0.4 -10.6 16.9 243 243 243
-0.0 -10.6 16.9 243 243 243
3.1 -10.5 16.8 141 143 142
3.4 -10.4 16.7 141 143 142
17.1 -6.5 10.4 220 223 222
17.9 -6.5 10.4 222 224 224
20.6 -7.4 11.8 220 220 220
20.8 -7.4 11.8 220 220 220
21.7 -7.4 11.8 220 220 220
19.7 -6.5 10.4 221 221 221
70.5 -17.3 27.6 72 72 72
68.2 -16.6 26.5 74 76 75
43.6 -10.4 16.6 69 69 69
36.7 -8.7 13.8 63 65 65
36.6 -8.6 13.7 62 64 64
37.0 -8.6 13.7 65 67 66
37.8 -8.6 13.7 77 77 77
-41.0 -11.2 18.5 58 58 58
-41.8 -11.5 19.1 62 61 60
-41.3 -11.5 19.1 58 59 59
-6.4 -11.7 19.4 198 198 198
-5.9 -11.6 19.3 169 169 169
-5.4 -11.5 19.0 129 129 129
-4.8 -11.1 18.5 94 97 96
-0.5 -10.5 17.4 245 245 245
37.1 -8.5 14.1 70 70 70
37.2 -8.5 14.0 64 66 66
38.3 -8.5 14.1 66 68 67
38.5 -8.5 14.1 74 74 74
38.0 -8.3 13.7 77 77 77
-41.6 -10.8 18.6 73 73 73
-41.0 -10.8 18.5 69 71 69
-41.0 -10.9 18.7 74 74 74
-40.5 -10.9 18.7 70 72 69
-39.8 -10.8 18.6 67 67 67
-35.2 -10.8 18.7 60 59 58
-23.7 -10.9 18.8 29 30 28
-6.6 -10.9 18.7 225 227 227
-6.3 -11.2 19.3 209 209 209
-5.8 -11.1 19.1 159 162 161
-5.3 -10.9 18.8 112 112 112
-4.8 -10.7 18.5 75 76 76
-1.8 -10.9 18.8 53 52 52
-1.4 -10.8 18.7 36 37 36
-0.9 -10.7 18.4 232 234 234
-0.1 -10.9 18.8 205 205 205
0.4 -10.9 18.7 208 208 208
39.9 -8.8 15.2 68 68 68
40.3 -8.8 15.2 64 66 66
40.7 -8.8 15.2 65 67 66
37.2 -8.0 13.8 65 67 66
38.1 -8.0 13.8 77 77 77
-43.0 -10.6 19.0 74 75 73
-42.0 -10.5 18.8 74 75 73
-41.4 -10.4 18.7 73 73 73
-41.4 -10.5 18.9 73 73 73
-41.0 -10.5 18.9 73 73 73
-40.2 -10.4 18.8 69 71 69
-36.4 -10.6 19.0 62 62 62
-35.4 -10.5 18.8 60 59 58
-34.5 -10.6 19.0 61 61 61
-24.5 -10.6 19.1 26 26 26
-23.9 -10.6 19.0 26 26 26
-13.4 -10.6 19.1 132 135 134
-6.6 -10.5 18.8 226 229 228
-6.3 -10.7 19.2 189 191 191
-5.8 -10.7 19.1 154 154 154
-5.3 -10.5 18.9 79 82 81
-1.8 -10.7 19.2 205 205 205
-1.4 -10.6 19.0 49 48 47
-0.9 -10.3 18.5 134 134 134
-0.1 -10.5 18.8 119 121 120
0.4 -10.4 18.7 209 209 209
20.4 -6.5 11.7 221 221 221
20.5 -6.5 11.6 222 222 222
-55.4 -10.5 19.7 67 67 67
-43.9 -10.4 19.4 73 74 72
-43.3 -10.3 19.4 72 72 72
-42.9 -10.3 19.4 72 72 72
-42.4 -10.3 19.4 73 73 73
-41.9 -10.3 19.3 73 73 73
-35.2 -10.3 19.4 69 69 69
-25.1 -10.5 19.6 26 26 26
-13.6 -10.4 19.4 133 133 133
-13.8 -10.9 20.4 77 77 77
-6.8 -10.3 19.3 231 231 231
-6.4 -10.3 19.4 150 150 150
-5.9 -10.3 19.4 196 196 196
-5.4 -10.2 19.1 89 89 89
-1.4 -10.3 19.4 54 54 54
1.0 -11.8 22.1 176 176 176
1.5 -11.7 21.9 155 158 157
20.4 -6.3 11.7 222 222 222
20.6 -6.2 11.7 222 222 222
20.8 -6.2 11.7 220 220 220
-55.3 -10.0 19.6 67 67 67
-54.8 -10.0 19.6 67 67 67
-54.4 -10.0 19.6 70 70 70
-53.9 -10.0 19.6 70 70 70
-53.6 -10.0 19.7 71 71 71
-53.1 -10.0 19.7 73 74 72
-52.5 -10.0 19.6 72 72 72
-52.1 -10.0 19.6 70 70 70
-51.7 -10.0 19.7 71 71 71
-51.2 -10.0 19.6 71 71 71
-50.8 -10.0 19.7 72 72 72
-50.4 -10.0 19.7 72 72 72
-49.9 -10.0 19.7 73 73 73
-44.3 -10.0 19.6 73 74 72
-43.8 -10.0 19.6 71 71 71
-43.3 -10.0 19.6 72 72 72
-42.8 -10.0 19.6 72 72 72
-42.4 -10.0 19.6 72 72 72
-42.2 -10.0 19.7 68 70 68
-41.7 -10.1 19.7 72 72 72
-41.3 -10.1 19.7 68 70 68
-40.7 -10.0 19.7 66 66 66
-40.3 -10.0 19.7 66 66 66
-39.9 -10.1 19.7 66 66 66
-39.4 -10.0 19.7 63 63 63
-38.8 -10.0 19.6 63 63 63
-38.2 -10.1 19.7 61 61 61
-37.5 -10.0 19.6 61 61 61
-36.8 -10.1 19.7 63 63 63
-36.2 -10.0 19.7 65 65 65
-26.1 -10.0 19.7 29 31 29
-25.7 -10.0 19.7 27 27 27
-25.1 -10.0 19.6 27 27 27
-13.7 -10.0 19.5 134 134 134
-13.6 -10.2 20.0 75 75 75
-6.8 -9.9 19.4 232 232 232
-6.4 -9.9 19.4 123 123 123
-5.9 -9.9 19.4 190 192 192
-3.7 -10.0 19.7 150 152 152
-3.3 -10.2 20.0 214 214 214
-2.8 -10.2 20.0 209 209 209
-2.3 -10.0 19.7 182 182 182
-1.9 -10.1 19.7 120 120 120
-1.4 -10.0 19.7 238 238 238
-0.5 -10.0 19.6 131 131 131
-0.1 -9.6 18.9 138 138 138
0.4 -9.6 18.8 197 197 197
1.3 -10.1 19.7 94 94 94
1.8 -10.0 19.6 104 104 104
2.2 -10.0 19.6 107 107 107
2.7 -10.0 19.6 112 112 112
4.5 -10.0 19.7 103 103 103
4.9 -9.9 19.5 104 104 104
5.4 -10.0 19.6 105 107 107
20.5 -6.0 11.8 220 220 220
-55.4 -9.6 19.7 67 67 67
-55.0 -9.6 19.7 67 67 67
-54.6 -9.6 19.7 70 70 70
-54.1 -9.6 19.7 70 70 70
-53.6 -9.6 19.7 71 71 71
-53.2 -9.6 19.7 71 71 71
-52.6 -9.6 19.7 72 72 72
-52.2 -9.6 19.7 72 72 72
-51.8 -9.6 19.7 70 70 70
-51.3 -9.6 19.7 71 71 71
-50.9 -9.6 19.7 71 71 71
-50.4 -9.6 19.7 72 72 72
-50.0 -9.6 19.7 73 73 73
-49.5 -9.6 19.7 75 75 75
-44.4 -9.6 19.7 70 70 70
-43.9 -9.6 19.6 71 71 71
-43.4 -9.6 19.6 71 71 71
-42.9 -9.5 19.6 72 72 72
-42.6 -9.6 19.7 72 72 72
-42.2 -9.6 19.7 68 70 68
-40.4 -9.6 19.7 66 66 66
-39.9 -9.6 19.7 66 66 66
-39.4 -9.6 19.7 66 66 66
-38.2 -9.6 19.8 61 61 61
-37.6 -9.6 19.7 61 61 61
-36.2 -9.6 19.7 59 59 57
-25.7 -9.6 19.7 27 27 27
-25.2 -9.6 19.7 27 27 27
-13.7 -9.5 19.6 129 132 131
-13.8 -9.9 20.4 80 80 80
-6.8 -9.4 19.4 232 232 232
-6.4 -9.5 19.5 175 175 175
-5.9 -9.5 19.4 191 194 193
-3.7 -9.6 19.7 169 169 169
-3.3 -9.7 20.0 216 216 216
-2.9 -9.8 20.1 240 240 240
-2.4 -9.6 19.7 205 205 205
-0.5 -9.6 19.8 148 148 148
-0.1 -9.2 19.0 134 136 135
0.4 -9.1 18.6 204 204 204
0.9 -9.6 19.7 68 70 69
1.3 -9.6 19.7 109 109 109
1.8 -9.6 19.7 106 106 106
2.2 -9.6 19.7 100 102 102
2.7 -9.6 19.7 102 104 104
4.5 -9.6 19.7 99 101 101
5.0 -9.6 19.6 98 98 98
5.4 -9.6 19.7 105 105 105
-44.1 -9.1 19.7 70 70 70
-43.6 -9.1 19.7 71 71 71
-43.1 -9.1 19.7 71 71 71
-37.9 -9.2 19.8 60 60 60
-35.3 -9.8 21.1 46 45 43
-25.3 -9.2 19.7 25 25 25
-13.8 -9.1 19.7 127 127 127
-14.0 -9.6 20.7 71 73 73
-6.4 -9.0 19.5 140 140 140
-5.9 -9.0 19.4 177 177 177
-1.0 -9.7 21.0 243 243 243
-0.5 -9.6 20.7 153 153 153
0.4 -8.6 18.6 210 210 210
0.9 -9.2 19.7 77 79 78
1.3 -9.2 19.7 116 116 116
2.4 -9.7 20.9 115 114 114
4.5 -9.2 19.7 109 109 109
17.0 -4.8 10.3 221 221 221
19.2 -4.8 10.4 222 222 222
19.5 -4.8 10.4 222 222 222
19.6 -4.8 10.3 222 222 222
169.1 -26.2 56.5 109 109 109
171.0 -26.3 56.6 77 79 78
-35.3 -8.2 18.7 59 59 57
-37.0 -9.6 21.8 51 51 51
-6.7 -6.6 15.0 156 156 156
-6.0 -6.7 15.1 122 122 122
-5.6 -6.6 15.0 211 211 211
-6.3 -8.5 19.3 161 161 161
-5.9 -8.5 19.3 193 193 193
-5.3 -8.3 18.8 106 106 106
-0.1 -9.7 21.9 157 157 157
0.4 -8.2 18.7 205 205 205
2.4 -9.5 21.6 94 94 94
17.0 -4.6 10.3 222 222 222
17.0 -4.5 10.2 219 219 219
19.2 -4.6 10.4 220 220 220
19.5 -4.6 10.4 222 222 222
19.7 -4.6 10.3 222 222 222
25.8 -4.4 10.1 60 63 62
169.6 -24.9 56.6 109 109 109
171.0 -24.9 56.6 75 77 77
-39.9 -6.3 15.0 69 69 69
-39.5 -6.3 15.0 67 67 67
-39.2 -6.3 15.0 67 67 67
-38.8 -6.3 15.0 68 68 68
-38.4 -6.3 15.0 71 71 71
-38.1 -6.3 15.0 72 72 72
-37.7 -6.3 15.0 72 72 72
-37.5 -6.3 15.1 70 70 70
-37.0 -6.3 15.0 70 70 70
-40.8 -9.9 23.7 56 56 56
-37.9 -9.3 22.3 53 53 53
-6.0 -6.3 15.1 228 228 228
-5.3 -6.3 15.0 234 234 234
-4.9 -6.3 15.0 229 229 229
-0.1 -9.3 22.2 195 195 195
2.5 -9.1 21.9 105 107 107
169.1 -23.6 56.5 109 109 109
168.9 -23.3 56.0 82 82 82
165.8 -22.7 54.5 65 65 63
-39.7 -5.9 15.1 67 67 67
-39.3 -5.9 15.1 67 67 67
-37.6 -5.9 15.1 72 72 72
-37.1 -5.9 15.0 70 70 70
-25.6 -5.9 15.0 53 53 53
-25.3 -6.0 15.1 45 44 43
-25.0 -6.0 15.1 33 33 31
-24.6 -5.9 15.1 19 23 20
-14.8 -6.0 15.1 227 230 229
-14.4 -6.0 15.1 227 230 229
-14.1 -6.0 15.1 226 226 226
-7.1 -5.9 15.1 107 107 107
-6.7 -6.0 15.1 99 99 99
-5.3 -5.9 15.0 138 140 139
-4.9 -5.9 15.0 167 167 167
-4.6 -5.9 15.1 178 178 178
-4.2 -5.9 15.1 169 171 170
-0.1 -8.8 22.5 175 177 177
0.9 -7.9 20.0 181 181 181
1.3 -7.5 19.1 188 188 188
2.0 -8.6 21.9 188 188 188
2.5 -8.6 21.8 182 182 182
167.5 -21.8 55.5 75 77 77
164.9 -21.3 54.2 65 65 63
174.1 -22.0 56.0 51 51 51
172.9 -21.7 55.1 57 57 57
173.7 -21.7 55.0 79 82 81
-14.5 -5.6 15.2 227 230 229
-15.3 -9.3 25.2 28 28 28
-7.1 -5.6 15.1 108 108 108
-6.7 -5.6 15.1 113 114 113
-4.6 -5.6 15.2 170 172 172
1.3 -7.2 19.3 189 191 191
1.7 -7.0 18.9 189 191 191
169.9 -20.9 56.3 85 85 85
165.4 -20.1 54.4 62 62 62
182.0 -21.8 58.9 51 51 51
181.7 -21.6 58.4 47 48 47
176.0 -20.8 56.1 61 61 61
176.7 -20.7 56.0 78 78 78
-54.9 -8.7 25.1 69 69 69
-54.2 -8.7 25.1 66 67 65
-44.7 -8.8 25.3 55 55 55
-43.3 -8.7 25.2 53 53 53
-42.8 -8.7 25.2 51 51 51
-30.4 -8.7 25.1 92 92 92
-15.9 -8.7 25.2 11 16 13
-15.3 -8.7 25.1 21 21 21
-13.5 -8.7 25.2 111 111 111
-11.9 -8.8 25.4 115 115 115
-11.2 -8.7 25.2 119 119 119
-10.0 -8.8 25.2 129 132 131
-9.4 -8.7 25.2 137 139 138
-8.8 -8.7 25.0 170 172 172
-1.8 -8.4 24.1 202 202 202
1.7 -6.6 18.9 198 198 198
156.4 -17.9 51.4 61 61 61
-54.8 -8.1 25.1 63 63 63
-54.2 -8.1 25.0 66 67 65
-43.7 -8.2 25.4 53 53 53
-43.4 -8.3 25.6 48 48 48
-30.4 -8.1 25.1 92 92 92
-27.7 -8.0 24.7 64 65 63
-27.5 -8.1 25.1 58 59 59
-16.2 -8.3 25.6 11 16 13
-15.3 -8.2 25.2 21 21 21
-14.4 -8.0 24.7 18 18 18
-13.6 -8.2 25.3 106 106 106
-11.2 -8.2 25.2 118 120 119
-9.5 -8.2 25.4 146 146 146
-8.8 -8.1 25.1 168 168 168
-2.4 -8.0 24.6 207 207 207
-1.8 -7.9 24.5 207 207 207
-1.3 -8.2 25.4 207 207 207
0.5 -8.0 24.7 209 209 209
156.4 -16.7 51.4 65 65 63
-72.7 -7.8 25.8 65 65 65
-71.8 -7.7 25.7 63 63 63
-71.1 -7.7 25.7 66 66 66
-70.5 -7.7 25.7 67 67 67
-70.0 -7.7 25.7 67 67 67
-69.3 -7.7 25.7 69 69 69
-68.9 -7.7 25.7 67 67 67
-68.3 -7.7 25.7 67 67 67
-67.6 -7.7 25.7 66 66 66
-66.9 -7.7 25.7 66 66 66
-66.3 -7.7 25.7 67 67 67
-65.8 -7.7 25.7 67 67 67
-65.2 -7.7 25.7 67 67 67
-64.6 -7.7 25.7 67 67 67
-64.0 -7.7 25.7 65 66 64
-63.4 -7.7 25.7 68 68 68
-62.8 -7.7 25.7 69 69 69
-62.1 -7.7 25.7 69 69 69
-61.4 -7.7 25.6 67 68 66
-60.9 -7.7 25.7 65 65 65
-60.4 -7.7 25.7 66 66 66
-59.8 -7.7 25.7 66 66 66
-59.1 -7.7 25.7 67 67 67
-58.5 -7.7 25.7 67 67 67
-58.0 -7.7 25.7 67 67 67
-57.4 -7.7 25.7 64 65 63
-56.8 -7.7 25.7 65 66 64
-56.3 -7.7 25.7 62 62 62
-55.6 -7.7 25.7 62 62 62
-54.7 -7.7 25.5 62 62 62
-54.4 -7.7 25.7 62 62 62
-53.8 -7.7 25.7 60 60 60
-53.2 -7.7 25.7 60 60 60
-52.6 -7.7 25.7 58 58 58
-52.0 -7.7 25.7 58 58 58
-51.5 -7.7 25.7 58 59 59
-50.9 -7.7 25.7 60 60 60
-50.3 -7.7 25.7 58 59 59
-49.7 -7.7 25.7 57 56 55
-49.1 -7.7 25.7 57 57 55
-48.5 -7.7 25.7 53 53 53
-48.0 -7.8 25.8 53 53 53
-47.6 -7.8 25.9 54 54 54
-46.7 -7.7 25.7 54 54 54
-46.8 -7.9 26.1 54 54 54
-45.7 -7.8 25.8 53 52 52
-44.9 -7.7 25.7 53 52 52
-44.3 -7.7 25.7 50 50 50
-43.9 -7.8 25.8 47 48 47
-43.3 -7.8 25.8 40 42 42
-42.5 -7.7 25.7 30 31 30
-41.9 -7.7 25.7 19 23 20
-41.3 -7.7 25.7 17 17 17
-40.7 -7.7 25.7 18 18 18
-40.1 -7.7 25.7 18 18 18
-39.5 -7.7 25.7 18 18 18
-38.9 -7.7 25.7 19 23 20
-38.4 -7.8 25.8 19 23 20
-37.7 -7.7 25.7 19 23 20
-37.0 -7.7 25.6 25 25 25
-36.5 -7.7 25.7 30 31 30
-35.9 -7.7 25.7 64 64 64
-35.4 -7.7 25.7 117 117 117
-35.1 -7.8 25.9 147 147 147
-34.3 -7.8 25.8 152 152 152
-33.6 -7.8 25.8 151 151 151
-32.9 -7.7 25.7 147 149 149
-32.3 -7.7 25.7 17 17 17
-31.8 -7.8 25.8 77 77 77
-31.2 -7.7 25.7 78 78 78
-30.5 -7.7 25.7 77 77 77
-29.9 -7.7 25.7 77 77 77
-29.3 -7.7 25.7 77 78 76
-28.6 -7.7 25.6 72 73 71
-28.1 -7.7 25.6 75 76 74
-27.6 -7.7 25.7 87 87 87
-27.0 -7.7 25.7 91 91 91
-26.4 -7.7 25.7 208 208 208
-25.8 -7.7 25.7 218 218 218
-25.2 -7.7 25.7 226 226 226
-24.6 -7.7 25.7 227 230 229
-24.0 -7.7 25.7 227 230 229
-23.4 -7.7 25.7 227 227 227
-22.8 -7.7 25.7 221 221 221
-22.2 -7.7 25.7 216 216 216
-21.6 -7.7 25.7 202 202 202
-21.0 -7.7 25.7 179 182 181
-20.4 -7.7 25.7 169 171 170
-19.8 -7.7 25.7 163 163 163
-19.2 -7.7 25.7 160 163 162
-18.6 -7.7 25.7 158 158 158
-18.0 -7.7 25.7 155 155 155
-17.4 -7.7 25.7 115 115 115
-17.0 -7.8 25.9 91 91 91
-16.4 -7.8 26.0 21 21 21
-15.6 -7.7 25.7 21 21 21
-14.9 -7.7 25.6 22 22 22
-14.5 -7.8 25.8 29 29 29
-13.8 -7.7 25.7 90 90 90
-13.2 -7.7 25.7 123 123 123
-12.9 -7.9 26.2 115 115 115
-12.1 -7.8 25.9 120 122 121
-11.4 -7.7 25.7 115 114 114
-10.9 -7.8 25.8 124 127 126
-10.3 -7.8 25.8 132 135 134
-9.6 -7.7 25.7 142 144 143
-9.0 -7.7 25.6 162 162 162
-2.4 -7.5 25.0 211 211 211
-1.8 -7.6 25.2 211 211 211
-1.3 -7.8 25.8 210 210 210
-0.7 -7.7 25.7 210 210 210
-0.1 -7.7 25.7 210 210 210
0.5 -7.7 25.7 211 211 211
1.1 -7.5 25.0 211 211 211
1.7 -7.5 25.1 209 209 209
5.3 -7.8 25.8 203 203 203
5.9 -7.7 25.7 206 206 206
6.5 -7.7 25.7 206 206 206
7.1 -7.7 25.7 202 202 202
7.7 -7.7 25.7 205 205 205
8.3 -7.7 25.7 205 205 205
8.9 -7.7 25.7 204 204 204
9.5 -7.7 25.7 204 204 204
10.1 -7.7 25.6 203 203 203
10.7 -7.7 25.7 203 203 203
11.3 -7.7 25.7 219 219 219
11.9 -7.7 25.7 221 221 221
12.5 -7.7 25.7 219 219 219
13.1 -7.7 25.7 166 169 168
13.6 -7.7 25.7 189 189 189
14.3 -7.8 25.8 197 197 197
14.9 -7.8 25.8 197 197 197
-73.8 -7.3 26.2 62 62 62
-73.6 -7.3 26.3 59 61 59
-72.8 -7.3 26.3 63 63 63
-72.2 -7.3 26.3 66 66 66
-71.6 -7.3 26.3 67 67 67
-71.1 -7.3 26.3 67 67 67
-70.5 -7.3 26.3 67 67 67
-69.8 -7.3 26.3 67 67 67
-69.2 -7.3 26.3 68 68 68
-68.6 -7.3 26.3 68 68 68
-68.0 -7.3 26.3 67 67 67
-67.3 -7.3 26.3 67 67 67
-66.7 -7.3 26.3 67 67 67
-66.1 -7.3 26.3 64 65 63
-65.5 -7.3 26.3 65 66 64
-65.0 -7.3 26.3 68 68 68
-64.4 -7.3 26.3 68 68 68
-63.6 -7.3 26.3 69 69 69
-63.1 -7.3 26.3 66 67 65
-62.6 -7.3 26.4 70 70 70
-62.0 -7.3 26.4 65 65 65
-61.3 -7.3 26.3 66 66 66
-60.6 -7.3 26.3 67 69 67
-60.1 -7.3 26.3 68 70 68
-59.6 -7.3 26.4 67 67 67
-58.8 -7.3 26.3 64 65 63
-58.2 -7.3 26.3 64 65 63
-57.6 -7.3 26.3 65 66 64
-56.7 -7.3 26.2 62 62 62
-56.3 -7.3 26.3 62 62 62
-55.9 -7.3 26.4 62 62 62
-55.2 -7.3 26.3 62 62 62
-54.5 -7.3 26.3 59 59 59
-53.9 -7.3 26.3 62 62 62
-53.3 -7.3 26.3 58 58 58
-52.7 -7.3 26.3 58 58 58
-52.1 -7.3 26.3 58 58 58
-51.4 -7.3 26.3 57 56 55
-50.8 -7.3 26.3 57 56 55
-50.2 -7.3 26.3 57 56 55
-49.6 -7.3 26.3 53 53 53
-49.3 -7.3 26.5 57 57 55
-48.8 -7.4 26.5 52 52 52
-48.3 -7.4 26.6 54 54 54
-47.8 -7.4 26.6 54 54 54
-46.7 -7.3 26.4 53 52 52
-45.9 -7.3 26.3 53 52 52
-45.3 -7.3 26.3 50 50 50
-44.8 -7.3 26.4 47 48 47
-44.3 -7.3 26.4 40 42 42
-43.6 -7.3 26.3 29 29 29
-42.9 -7.3 26.3 20 23 21
-42.3 -7.3 26.3 18 18 18
-41.7 -7.3 26.3 18 18 18
-41.0 -7.3 26.3 18 18 18
-40.6 -7.3 26.4 18 18 18
-40.0 -7.3 26.4 19 23 20
-39.4 -7.3 26.4 19 23 20
-38.5 -7.3 26.3 19 23 20
-37.9 -7.3 26.2 25 25 25
-37.4 -7.3 26.3 31 32 30
-36.7 -7.3 26.3 87 87 87
-36.4 -7.3 26.5 93 93 93
-36.0 -7.4 26.7 101 101 101
-35.2 -7.4 26.5 103 103 103
-34.5 -7.3 26.4 100 100 100
-33.8 -7.3 26.4 118 120 119
-32.7 -7.3 26.5 85 85 85
-31.9 -7.3 26.3 79 81 79
-31.3 -7.3 26.3 85 85 85
-30.7 -7.3 26.3 79 82 81
-30.0 -7.3 26.3 72 73 71
-29.5 -7.3 26.3 77 79 78
-28.8 -7.3 26.3 67 67 67
-28.2 -7.3 26.3 67 67 67
-27.6 -7.3 26.3 67 67 67
-27.0 -7.3 26.3 204 204 204
-26.4 -7.3 26.3 222 222 222
-25.8 -7.3 26.3 225 225 225
-25.1 -7.3 26.3 227 230 229
-24.5 -7.3 26.3 227 230 229
-23.9 -7.3 26.3 227 227 227
-23.3 -7.3 26.3 224 224 224
-22.7 -7.3 26.3 218 218 218
-22.1 -7.3 26.3 206 206 206
-21.5 -7.3 26.3 192 195 194
-20.9 -7.3 26.3 169 171 170
-20.3 -7.3 26.4 160 163 162
-19.7 -7.3 26.3 161 161 161
-19.0 -7.3 26.3 154 154 154
-18.4 -7.3 26.3 146 148 148
-17.8 -7.3 26.3 89 91 90
-17.2 -7.3 26.4 77 79 78
-16.7 -7.4 26.5 23 23 23
-16.0 -7.3 26.3 19 19 19
-15.5 -7.4 26.5 21 21 21
-14.8 -7.3 26.4 36 37 36
-14.1 -7.3 26.2 46 47 45
-9.8 -7.3 26.3 70 70 70
-9.2 -7.3 26.2 123 123 123
-2.4 -7.0 25.1 212 213 212
-1.3 -7.3 26.2 211 211 211
-0.7 -7.3 26.2 211 211 211
-0.1 -7.3 26.3 212 213 212
1.1 -7.1 25.7 219 219 219
1.7 -7.0 25.2 215 215 215
5.5 -7.3 26.5 209 209 209
6.0 -7.3 26.3 209 209 209
6.6 -7.3 26.3 206 206 206
8.5 -7.3 26.3 205 205 205
9.1 -7.3 26.3 205 205 205
9.7 -7.3 26.3 206 206 206
10.3 -7.3 26.3 206 206 206
10.9 -7.3 26.3 204 204 204
11.6 -7.3 26.4 222 222 222
12.2 -7.3 26.3 221 221 221
12.8 -7.3 26.3 224 224 224
13.4 -7.3 26.3 170 172 172
14.0 -7.3 26.3 190 190 190
14.7 -7.3 26.5 197 197 197
15.2 -7.3 26.3 197 197 197
15.8 -7.3 26.3 194 194 194
53.4 -4.0 14.3 85 85 85
53.0 -3.9 14.1 85 85 85
-73.6 -6.7 26.3 62 62 62
-72.9 -6.7 26.3 66 66 66
-72.3 -6.7 26.3 66 66 66
-70.6 -6.7 26.4 67 67 67
-69.9 -6.7 26.3 65 65 65
-56.9 -6.7 26.3 61 61 61
-38.6 -6.7 26.3 19 23 20
-37.8 -6.7 26.2 27 27 27
-1.3 -6.7 26.3 212 213 212
-0.7 -6.7 26.5 214 214 214
1.7 -6.4 25.2 217 217 217
2.2 -6.3 24.8 219 219 219
12.2 -6.7 26.3 222 222 222
15.2 -6.7 26.3 197 197 197
521.0 -47.2 185.5 84 84 84
53.7 -3.7 14.4 85 85 85
53.4 -3.6 14.2 83 83 83
-53.0 -6.7 28.8 53 53 53
53.9 -3.3 14.4 85 85 85
53.6 -3.3 14.3 87 87 87
-81.2 -6.0 28.8 64 64 64
-80.5 -6.0 28.8 62 62 62
-79.8 -6.0 28.8 65 65 65
-79.2 -6.0 28.8 62 62 62
-78.5 -6.0 28.8 66 66 66
-77.5 -6.0 28.7 63 63 63
-76.7 -6.0 28.7 64 64 64
-76.4 -6.0 28.8 64 64 64
-75.8 -6.0 28.8 65 65 65
-75.2 -6.0 28.8 65 65 65
-74.5 -6.0 28.8 62 64 61
-73.8 -6.0 28.8 62 64 61
-73.1 -6.0 28.8 62 64 61
-72.5 -6.0 28.8 63 64 62
-71.8 -6.0 28.8 63 64 62
-71.1 -6.0 28.8 64 65 63
-70.5 -6.0 28.8 64 65 63
-54.4 -6.0 28.8 53 52 52
-54.0 -6.0 29.0 53 52 52
-53.1 -6.0 28.9 53 53 53
-52.4 -6.0 28.8 53 53 53
-51.8 -6.0 28.9 53 53 53
-51.0 -6.0 28.8 52 52 52
-50.7 -6.0 29.0 49 49 49
3.6 -5.5 26.7 192 195 194
4.1 -5.3 25.7 192 195 194
53.7 -3.0 14.5 85 85 85
53.2 -3.0 14.2 85 85 85
53.2 -2.9 14.1 85 85 85
-2.4 -4.5 24.6 118 118 118
-1.8 -4.6 25.1 62 62 62
-1.3 -4.8 26.0 46 47 45
4.0 -4.6 25.0 210 210 210
6.6 -4.8 26.1 211 211 211
53.6 -2.6 14.3 86 86 86
-3.0 -4.0 24.8 82 84 84
-2.4 -4.0 24.7 115 114 114
-1.8 -4.0 24.7 68 67 66
-1.3 -4.2 25.8 45 45 45
-0.7 -4.2 26.1 153 155 155
4.0 -4.0 24.8 211 211 211
6.0 -4.2 26.3 210 210 210
6.5 -4.2 25.8 209 209 209
7.0 -4.1 25.2 209 209 209
7.5 -4.1 25.1 208 208 208
8.8 -4.1 25.3 215 215 215
9.3 -4.1 25.2 218 218 218
9.9 -4.1 25.2 217 217 217
10.5 -4.1 25.2 208 208 208
53.8 -2.3 14.4 84 84 84
53.5 -2.3 14.2 84 84 84
-2.9 -3.4 24.7 70 72 72
-2.4 -3.4 24.5 112 112 112
-1.8 -3.4 24.6 68 68 68
-1.3 -3.6 25.8 53 56 55
-0.7 -3.6 26.1 130 130 130
3.6 -3.6 26.2 194 197 196
4.0 -3.4 24.7 208 208 208
4.3 -3.3 23.7 208 208 208
6.0 -3.6 26.2 210 210 210
6.6 -3.6 26.0 210 210 210
7.0 -3.5 25.2 206 206 206
7.5 -3.5 25.1 209 209 209
8.4 -3.6 26.1 214 214 214
8.8 -3.5 25.6 216 216 216
9.3 -3.5 25.1 218 218 218
10.1 -3.6 25.8 218 218 218
53.9 -2.0 14.4 84 84 84
53.6 -2.0 14.2 84 84 84
3.2 -3.2 28.1 113 114 113
3.7 -3.1 26.8 119 119 119
4.1 -3.0 25.7 111 111 111
4.3 -2.7 23.3 193 193 193
6.6 -3.0 26.1 210 210 210
7.1 -2.9 25.6 192 195 194
10.4 -3.3 28.3 220 220 220
3.8 -2.5 27.7 96 96 96
6.6 -2.4 26.2 200 200 200
7.1 -2.4 25.8 203 203 203
10.4 -2.6 28.3 224 224 224
28.2 -0.9 10.0 82 82 82
6.6 -1.8 26.1 126 126 126
28.1 -0.7 10.0 80 80 80
520.2 -11.4 165.9 170 169 168
6.5 -1.2 25.6 131 131 131
6.9 -1.1 25.2 129 129 129
10.2 -1.3 29.4 211 211 211
17.8 -0.5 10.1 220 223 222
28.4 -0.5 10.1 81 81 81
745.1 -10.8 239.4 28 28 28
99.6 -1.3 29.4 67 67 67
103.0 -1.3 29.4 91 94 93
6.0 -0.6 26.0 101 103 103
6.5 -0.6 25.7 105 105 105
10.3 -0.7 29.9 217 217 217
10.7 -0.6 29.0 218 218 218
17.8 -0.2 10.1 222 224 224
25.6 -0.2 10.1 75 76 76
25.7 -0.2 10.1 58 58 56
28.6 -0.2 10.3 74 76 75
28.4 -0.2 10.1 81 81 81
745.1 -5.3 239.4 30 30 30
100.1 -0.6 29.5 68 68 68
111.5 -0.7 32.0 81 80 79
103.5 -0.6 29.5 92 95 94
6.0 0.0 26.2 106 106 106
6.5 0.0 25.9 99 101 101
7.2 0.0 25.9 94 94 94
10.7 0.0 29.0 217 217 217
25.5 0.0 10.0 59 59 57
28.7 0.0 10.3 75 77 77
463.3 0.2 147.8 119 119 119
126.1 0.0 36.9 68 68 68
127.7 0.0 37.2 68 68 68
113.4 0.0 32.8 75 76 76
111.3 0.0 32.0 82 81 79
-38.3 0.7 28.3 28 28 28
5.9 0.7 28.4 78 78 78
6.1 0.7 26.8 77 77 77
6.6 0.6 26.3 89 91 90
7.3 0.6 26.4 96 96 96
10.5 0.7 28.6 214 214 214
10.4 0.7 26.6 217 217 217
15.0 0.8 34.1 214 214 214
30.7 0.3 10.7 128 128 128
31.0 0.3 10.7 136 136 136
452.7 3.5 144.4 194 197 196
371.1 2.9 117.5 215 215 215
125.6 0.9 36.8 78 78 78
126.7 0.9 36.9 75 75 75
111.7 0.8 32.1 78 78 78
-38.6 1.3 28.1 21 24 22
-37.8 1.3 28.0 28 28 28
-36.6 1.3 28.1 50 50 50
-36.0 1.3 28.1 193 196 195
-23.6 1.7 36.0 180 180 180
5.8 1.3 28.2 79 82 81
6.3 1.3 27.5 89 91 90
6.8 1.3 26.7 88 90 89
7.4 1.3 26.9 93 93 93
9.9 1.4 28.7 80 83 82
10.4 1.3 28.1 99 101 101
10.6 1.3 27.0 190 190 190
13.6 1.3 28.1 211 211 211
15.5 1.3 27.9 184 187 186
16.0 1.3 27.7 181 184 183
16.7 1.3 27.7 189 189 189
17.9 0.5 10.3 221 221 221
18.0 0.5 10.2 221 221 221
25.6 0.5 10.1 54 54 54
25.6 0.5 10.0 43 43 43
28.6 0.5 10.2 76 78 77
29.4 0.5 10.2 129 132 131
29.6 0.5 10.2 136 136 136
29.8 0.5 10.2 132 135 134
331.9 5.0 105.1 218 218 218
315.1 4.7 99.0 219 219 219
125.9 1.8 36.9 83 82 80
126.5 1.8 36.8 77 77 77
117.1 1.6 33.8 77 77 77
113.2 1.6 32.5 85 84 82
82.3 1.0 21.7 85 84 82
-38.1 2.0 28.2 25 25 25
-37.5 2.0 28.2 31 32 30
-37.8 2.1 29.0 43 45 44
-23.7 2.6 36.2 182 185 184
8.4 2.0 28.1 90 92 91
9.0 2.0 27.9 87 87 87
10.2 2.1 29.5 72 72 72
10.4 2.0 28.3 91 93 92
14.1 2.6 36.0 116 116 116
15.0 2.6 36.0 135 135 135
13.9 2.0 28.7 212 213 212
15.6 2.0 28.1 183 186 185
16.2 2.0 28.1 183 186 185
16.9 2.0 28.1 191 191 191
17.9 0.7 10.3 220 220 220
17.9 0.7 10.2 222 222 222
25.6 0.7 10.1 42 43 42
25.6 0.7 10.0 46 45 43
28.6 0.7 10.3 77 79 78
28.6 0.7 10.2 84 84 84
29.3 0.7 10.3 117 119 118
29.5 0.7 10.2 129 132 131
29.6 0.7 10.2 137 137 137
29.9 0.7 10.2 132 135 134
127.1 2.6 37.2 84 83 81
127.0 2.6 36.9 75 76 76
114.0 2.3 32.7 84 83 81
78.6 1.5 20.6 168 170 169
-96.1 3.2 34.1 60 60 60
-41.0 3.2 33.8 58 59 59
-23.4 3.4 35.8 193 193 193
-21.6 3.2 34.3 170 172 172
4.1 3.4 35.8 107 107 107
4.7 3.3 34.8 107 107 107
8.0 3.3 34.6 83 83 83
8.6 3.2 34.0 77 77 77
8.8 2.8 29.4 88 90 89
10.3 2.8 29.9 77 77 77
13.6 3.3 34.8 91 93 92
14.4 3.3 34.6 120 120 120
15.3 3.3 34.8 153 153 153
15.9 3.2 34.4 194 194 194
17.9 1.0 10.3 218 218 218
17.9 1.0 10.2 221 221 221
25.7 1.0 10.2 41 41 41
25.9 1.0 10.1 46 46 44
31.0 1.1 11.6 63 62 61
31.2 1.1 11.6 65 65 63
28.6 1.0 10.3 77 80 79
32.6 1.1 11.6 80 83 82
32.7 1.1 11.6 104 104 104
29.6 1.0 10.4 118 120 119
29.4 1.0 10.2 129 129 129
29.9 1.0 10.2 129 129 129
126.9 3.5 37.2 78 78 78
126.2 3.5 36.7 77 77 77
124.2 3.4 35.9 78 78 78
78.7 1.9 20.7 168 170 169
-95.6 4.0 34.0 58 58 58
-95.0 4.0 34.0 60 60 60
-94.2 4.0 34.0 58 58 58
-93.2 4.0 34.0 58 59 59
-92.6 4.0 34.0 61 61 61
-92.2 4.0 34.1 61 61 61
-91.2 4.0 34.1 61 61 61
-90.3 4.0 34.0 58 59 59
-89.5 4.0 34.0 58 59 59
-88.7 4.0 34.0 59 59 59
-87.9 4.0 34.0 59 59 59
-87.1 4.0 34.0 59 59 59
-86.5 4.0 34.1 59 59 59
-85.7 4.0 34.1 62 62 62
-84.4 4.0 33.9 63 63 63
-83.9 4.0 34.0 60 60 60
-83.4 4.0 34.1 60 60 60
-82.5 4.0 34.1 58 59 57
-81.4 4.0 34.0 56 56 56
-80.6 4.0 34.0 56 56 56
-80.3 4.0 34.1 57 57 57
-79.3 4.0 34.1 57 57 57
-78.5 4.0 34.1 52 52 52
-77.7 4.0 34.1 53 55 53
-76.5 4.0 33.9 54 56 54
-72.4 4.1 34.6 53 53 53
-71.4 4.0 34.5 52 52 52
-69.9 4.0 34.1 52 52 52
-67.3 4.0 34.0 49 48 47
-66.5 4.0 34.0 47 47 47
-65.9 4.0 34.1 47 47 47
-65.7 4.0 34.4 45 45 45
-65.2 4.1 34.6 47 48 47
-63.4 4.0 34.0 51 50 48
-62.1 4.0 33.8 51 51 49
-61.3 4.0 33.8 51 51 49
-60.9 4.0 34.0 57 57 57
-60.7 4.0 34.3 57 57 57
-58.9 4.0 33.7 59 60 58
-58.5 4.0 34.0 63 64 62
-58.4 4.0 34.3 58 58 58
-57.0 4.0 34.0 56 56 56
-56.4 4.0 34.1 32 32 32
-55.9 4.0 34.3 25 25 25
-44.4 4.0 34.0 37 38 37
-43.7 4.0 34.1 148 150 150
-42.9 4.0 34.1 63 64 62
-42.0 4.0 34.0 164 164 164
-41.0 4.0 33.8 159 159 159
-40.1 4.0 33.8 48 48 48
-39.5 4.0 33.9 52 52 52
-38.8 4.0 34.0 53 52 52
-38.1 4.0 34.0 57 57 57
-37.3 4.0 34.0 70 70 70
-36.5 4.0 34.0 129 129 129
-35.7 4.0 34.0 38 40 40
-34.9 4.0 34.0 34 34 34
-34.1 4.0 34.0 54 56 54
-33.3 4.0 34.0 170 172 172
-22.9 4.1 35.0 196 199 198
-21.3 4.0 33.8 182 185 184
3.1 4.1 34.8 113 114 113
3.9 4.1 34.8 99 99 99
4.6 4.0 33.8 91 91 91
5.3 3.9 33.4 84 84 84
6.1 3.9 33.4 77 79 78
8.0 4.1 34.8 81 81 81
8.6 4.0 34.0 81 81 81
9.2 3.9 33.2 77 79 78
10.6 3.9 33.0 79 82 81
11.5 3.9 33.2 79 81 80
12.8 4.1 34.8 71 73 73
13.5 4.0 34.5 78 78 78
14.2 4.0 34.1 98 98 98
15.2 4.1 34.6 129 129 129
15.8 4.0 34.3 198 198 198
16.4 4.0 33.8 196 196 196
17.2 4.0 33.9 168 168 168
18.1 4.0 34.0 186 188 187
18.7 4.0 33.7 187 189 189
19.6 4.0 33.9 187 189 189
20.3 4.0 33.7 194 194 194
21.3 4.0 34.0 202 202 202
22.1 4.0 34.1 201 203 203
22.8 4.0 34.0 201 203 203
23.5 4.0 33.9 200 202 202
24.3 4.0 33.9 183 183 183
18.0 1.2 10.2 219 219 219
31.1 1.4 11.6 63 62 61
31.3 1.4 11.6 66 66 64
32.7 1.4 11.6 85 85 85
32.8 1.4 11.6 102 102 102
29.9 1.2 10.5 117 117 117
430.1 15.5 132.3 219 219 219
127.4 4.4 37.3 77 77 77
125.8 4.3 36.6 74 74 74
123.5 4.2 35.7 77 77 77
82.0 2.6 21.9 87 86 84
82.6 2.6 21.9 89 89 89
82.6 2.6 21.8 81 81 81
-96.8 4.8 34.4 58 58 58
-96.2 4.8 34.5 58 58 58
-95.4 4.8 34.5 58 58 58
-94.4 4.8 34.4 58 58 58
-93.8 4.8 34.5 60 60 60
-93.2 4.9 34.5 58 58 58
-92.2 4.8 34.5 61 61 61
-91.4 4.8 34.5 58 59 59
-90.6 4.8 34.5 58 59 59
-89.8 4.8 34.5 58 59 59
-89.0 4.8 34.5 56 57 55
-87.6 4.9 34.5 59 59 59
-86.6 4.8 34.5 59 59 59
-85.6 4.8 34.4 59 59 59
-84.8 4.8 34.4 71 71 71
-84.3 4.9 34.5 59 59 59
-83.5 4.9 34.5 57 58 56
-82.4 4.8 34.4 56 56 56
-81.6 4.8 34.4 56 56 56
-81.1 4.9 34.5 56 56 56
-80.2 4.8 34.5 52 54 52
-79.4 4.8 34.5 56 56 56
-78.6 4.8 34.5 53 55 53
-73.1 4.9 34.5 58 58 58
-72.6 4.9 34.6 51 51 51
-70.7 4.9 34.5 53 53 53
-65.6 4.9 34.8 51 51 51
-64.2 4.8 34.5 53 53 53
-63.1 4.8 34.3 56 56 56
-62.0 4.8 34.1 60 60 60
-61.8 4.8 34.5 61 61 61
-61.1 4.9 34.5 65 65 65
-59.5 4.8 34.1 65 65 65
-58.8 4.9 34.6 50 50 50
-57.6 4.8 34.3 83 83 83
-57.0 4.8 34.5 94 93 92
-44.2 4.9 34.5 112 114 113
-43.3 4.8 34.5 115 115 115
-42.5 4.8 34.4 161 161 161
-41.6 4.8 34.3 165 165 165
-40.7 4.8 34.2 57 56 55
-40.1 4.8 34.4 53 53 53
-39.3 4.8 34.5 53 52 52
-36.9 4.8 34.5 148 150 150
-36.1 4.8 34.5 39 39 39
-34.5 4.8 34.5 48 48 48
-22.9 4.9 35.0 203 203 203
-21.6 4.8 34.3 189 189 189
3.1 4.9 34.8 115 117 116
4.0 4.9 35.0 107 107 107
4.7 4.8 34.2 89 89 89
5.4 4.8 33.8 80 80 80
6.2 4.7 33.7 75 77 77
8.1 4.9 35.1 92 92 92
8.8 4.9 34.6 72 72 72
9.4 4.8 34.0 77 79 78
10.7 4.7 33.2 69 69 69
11.6 4.7 33.7 77 80 79
12.8 4.9 34.6 70 72 72
13.6 4.9 34.6 70 70 70
14.3 4.8 34.5 88 88 88
15.2 4.9 34.7 142 144 143
15.9 4.9 34.5 194 194 194
16.7 4.8 34.3 203 205 205
17.5 4.8 34.4 160 160 160
18.3 4.8 34.5 178 178 178
19.0 4.8 34.2 188 190 190
19.8 4.8 34.3 191 194 193
20.5 4.8 34.1 200 200 200
22.4 4.9 34.5 203 205 205
23.1 4.8 34.4 202 204 204
23.8 4.8 34.3 202 202 202
24.7 4.8 34.4 173 175 175
30.2 1.5 10.6 116 116 116
30.5 1.5 10.6 128 128 128
30.7 1.5 10.6 134 136 135
31.6 1.5 10.6 105 105 105
31.7 1.5 10.6 87 89 88
462.4 20.0 142.2 217 217 217
402.2 17.3 122.8 220 220 220
126.2 5.2 36.7 75 75 75
112.6 4.6 32.3 86 85 83
82.6 3.1 22.2 87 87 85
83.9 3.2 22.4 86 85 83
83.9 3.1 22.3 89 89 89
83.7 3.1 22.1 96 99 98
-96.7 5.6 34.3 57 57 57
-96.2 5.6 34.5 57 57 57
-95.4 5.6 34.5 58 58 58
-94.6 5.6 34.5 54 56 54
-93.8 5.6 34.5 58 58 58
-93.3 5.7 34.6 58 58 58
-92.4 5.7 34.5 58 58 58
-91.4 5.6 34.5 58 58 58
-90.6 5.6 34.5 58 59 59
-89.8 5.6 34.5 58 59 59
-89.0 5.6 34.5 58 59 59
-88.2 5.6 34.5 58 59 59
-87.6 5.7 34.5 61 61 61
-86.8 5.7 34.5 58 59 59
-84.3 5.7 34.5 56 57 55
-83.7 5.7 34.6 62 62 62
-82.4 5.6 34.4 57 58 56
-80.2 5.6 34.5 59 59 59
-79.7 5.7 34.6 57 58 56
-72.8 5.7 34.8 59 60 58
-72.0 5.7 34.8 58 58 58
-70.8 5.7 34.6 58 58 58
-66.1 5.7 34.6 37 37 35
-64.4 5.7 34.6 69 71 69
-61.8 5.6 34.0 146 146 144
-61.1 5.7 34.5 168 170 169
-59.3 5.6 34.0 172 172 172
-58.8 5.7 34.6 172 172 172
-44.4 5.7 34.6 88 88 86
-43.4 5.7 34.5 153 155 155
-42.5 5.6 34.4 139 139 139
-40.7 5.6 34.2 53 53 53
-39.3 5.6 34.5 51 51 51
-38.5 5.6 34.5 57 57 57
-36.9 5.6 34.5 148 148 148
-36.1 5.6 34.5 37 38 37
-22.9 5.7 35.0 206 206 206
4.0 5.7 35.0 111 111 111
4.7 5.7 34.6 92 92 92
8.8 5.7 34.8 90 90 90
9.5 5.6 34.3 61 64 63
9.6 5.3 32.1 75 76 76
10.4 5.3 32.1 93 93 93
12.8 5.7 34.7 74 74 74
13.5 5.7 34.5 70 72 72
15.3 5.7 34.8 107 107 107
16.0 5.7 34.6 189 191 191
16.7 5.6 34.5 204 207 206
17.6 5.7 34.6 159 159 159
18.4 5.7 34.5 185 185 185
19.0 5.6 34.2 192 195 194
22.4 5.7 34.6 207 210 209
484.2 24.4 148.9 102 102 102
392.0 19.6 119.7 93 96 95
126.5 6.0 36.8 73 73 73
124.0 5.9 35.8 75 76 76
84.8 3.7 22.4 97 100 99
-109.6 7.3 38.9 57 57 57
-108.7 7.3 38.9 57 57 57
-107.8 7.3 38.9 57 57 57
-107.1 7.3 39.0 57 57 57
-106.2 7.3 39.0 60 60 60
-105.1 7.3 38.9 60 60 60
-104.2 7.3 38.9 60 60 60
-103.5 7.3 39.0 58 58 58
-102.6 7.3 39.0 58 58 58
-101.6 7.3 39.0 55 56 54
-100.7 7.3 39.0 58 58 58
-100.2 7.3 39.2 60 60 60
-99.1 7.3 39.1 61 61 61
-97.8 7.3 38.9 70 70 70
-96.9 7.3 38.9 79 79 79
-96.2 7.3 39.0 116 118 117
-95.1 7.3 38.9 68 70 68
-94.4 7.3 39.0 65 66 64
-93.7 7.3 39.1 65 66 64
-92.4 7.3 38.9 63 63 63
-91.3 7.3 38.8 63 63 63
-90.8 7.3 39.0 65 66 64
-89.9 7.3 39.0 118 120 119
-88.8 7.3 38.9 79 79 79
-86.6 7.3 39.2 66 67 65
-85.9 7.3 39.2 64 64 64
-84.4 7.3 39.0 119 121 120
-83.3 7.3 38.9 152 152 152
-82.8 7.3 39.1 149 149 149
-81.7 7.3 39.0 69 71 69
-80.8 7.3 39.0 32 32 32
-79.9 7.3 39.0 53 52 52
-79.0 7.3 39.0 90 90 90
-78.1 7.3 39.0 151 151 151
-77.2 7.3 39.0 173 175 175
-76.1 7.3 38.9 180 180 180
-74.9 7.3 39.2 171 173 173
-73.5 7.3 39.0 171 173 173
-72.3 7.3 38.8 172 174 174
-71.1 7.3 39.2 174 174 174
-70.1 7.3 39.1 175 175 175
-54.6 7.3 39.1 189 191 191
-53.6 7.3 39.0 188 188 188
-52.1 7.3 39.2 186 186 186
-51.0 7.3 39.1 185 185 185
-49.9 7.3 38.9 188 190 190
-49.2 7.3 39.1 163 163 163
-48.4 7.3 39.2 113 114 113
-47.5 7.3 39.2 191 191 191
-46.4 7.3 39.1 53 53 53
-45.4 7.3 39.0 51 51 51
-44.5 7.3 39.0 50 50 50
-43.6 7.3 39.0 57 58 56
-42.7 7.3 39.0 59 61 59
-41.8 7.3 39.0 160 163 162
-40.9 7.3 39.0 63 64 62
-40.0 7.3 39.0 27 29 27
-39.1 7.3 39.0 23 23 23
3.5 7.2 38.6 113 115 114
5.2 7.1 38.1 99 99 99
8.9 7.3 38.8 80 80 80
9.8 6.7 35.7 80 80 80
11.5 7.2 38.4 53 52 52
10.6 6.1 32.8 65 65 65
11.4 6.2 32.9 95 98 97
17.2 7.3 39.2 130 130 130
18.0 7.3 38.9 164 164 164
18.8 7.3 38.8 205 205 205
19.7 7.3 38.8 173 173 173
126.7 6.9 36.9 72 71 69
-109.8 8.2 39.0 57 57 57
-109.1 8.2 39.1 57 57 57
-108.0 8.2 39.0 57 57 57
-107.3 8.2 39.1 57 57 57
-106.4 8.2 39.1 59 59 59
-105.1 8.2 38.9 59 59 59
-104.4 8.2 39.0 59 59 59
-103.7 8.2 39.1 59 59 59
-102.8 8.2 39.1 60 60 60
-101.9 8.2 39.1 62 62 62
-101.0 8.2 39.1 62 62 62
-100.5 8.3 39.2 62 62 62
-99.5 8.3 39.2 66 67 65
-97.8 8.2 38.9 66 67 65
-96.4 8.2 39.1 124 124 124
-95.3 8.2 39.0 107 107 107
-94.6 8.2 39.1 58 59 59
-93.9 8.2 39.2 58 59 59
-92.8 8.2 39.1 131 131 131
-91.5 8.2 38.9 72 72 72
-91.0 8.2 39.1 90 90 90
-90.2 8.2 39.2 164 167 166
-87.0 8.3 39.3 102 102 102
-84.8 8.2 39.2 157 157 157
-83.7 8.2 39.1 151 151 151
-83.1 8.3 39.2 183 183 183
-82.0 8.2 39.2 193 193 193
-81.0 8.2 39.1 192 192 192
-80.1 8.2 39.1 186 188 187
-79.1 8.2 39.1 191 191 191
-78.2 8.2 39.1 192 192 192
-77.3 8.2 39.1 190 190 190
-76.4 8.2 39.1 189 189 189
-75.2 8.3 39.4 182 182 182
-73.9 8.2 39.2 180 180 180
-72.3 8.2 38.8 179 179 179
-70.7 8.1 38.4 179 179 179
-70.8 8.2 39.0 177 177 177
-70.2 8.2 39.2 176 176 176
-54.6 8.2 39.1 191 194 193
-53.7 8.2 39.1 190 192 192
-51.2 8.3 39.2 186 186 186
-50.0 8.2 39.0 186 186 186
-49.3 8.2 39.2 175 175 175
-48.6 8.3 39.3 94 94 94
-47.6 8.3 39.3 188 190 190
-46.4 8.2 39.1 42 42 42
-45.5 8.2 39.1 51 51 51
-44.6 8.2 39.1 50 50 50
-43.7 8.2 39.1 55 55 55
-42.8 8.2 39.1 59 61 59
-41.9 8.2 39.1 184 187 186
-41.0 8.2 39.1 196 196 196
-40.1 8.2 39.1 198 198 198
-39.2 8.2 39.1 198 198 198
3.5 8.2 38.8 113 115 114
4.3 8.0 38.0 108 108 108
5.2 8.0 38.0 105 105 105
6.2 8.2 38.8 102 102 102
8.5 8.7 41.3 90 90 90
8.9 8.2 38.8 83 85 85
11.6 8.1 38.6 65 65 65
17.3 8.3 39.5 112 112 112
18.1 8.2 39.1 191 194 193
18.9 8.2 39.0 206 209 208
19.8 8.2 38.9 176 179 178
427.2 27.5 130.5 47 49 47
9.1 8.4 35.8 88 88 88
-9.4 5.2 20.2 68 70 69
-8.9 5.1 20.0 71 71 71
9.0 9.2 35.8 91 94 93
630.7 48.1 187.3 74 73 71
-10.4 5.9 21.2 53 56 55
-9.4 5.6 20.1 63 63 63
-8.9 5.6 20.1 63 63 63
8.6 10.5 37.6 96 96 96
630.7 52.5 187.3 75 76 76
451.7 37.3 133.2 73 72 70
-57.3 6.2 20.3 198 198 198
-56.9 6.2 20.4 200 200 200
-56.4 6.2 20.4 208 211 210
-56.0 6.2 20.4 196 199 198
-55.5 6.2 20.4 205 205 205
-55.0 6.2 20.4 206 206 206
-54.4 6.2 20.3 209 209 209
-54.0 6.2 20.4 207 207 207
-53.5 6.2 20.4 210 210 210
-53.0 6.2 20.3 209 209 209
-52.2 6.2 20.4 212 213 212
-51.6 6.2 20.4 214 214 214
-51.1 6.2 20.3 215 218 217
-50.8 6.2 20.4 209 209 209
-50.3 6.2 20.4 202 202 202
-49.8 6.2 20.4 199 199 199
-49.3 6.2 20.4 175 177 177
-48.8 6.2 20.4 174 176 176
-48.4 6.2 20.4 163 166 165
-32.7 6.2 20.4 17 21 18
-32.3 6.2 20.4 17 21 18
-31.8 6.2 20.4 19 23 20
-10.2 6.3 20.7 57 57 57
-9.4 6.1 20.1 118 118 118
-9.0 6.1 20.1 100 100 100
-8.6 6.2 20.4 62 64 64
8.7 11.5 37.8 104 104 104
17.6 9.6 31.7 211 211 211
442.3 39.3 129.6 75 75 73
-57.5 6.7 20.4 204 204 204
-53.2 6.7 20.4 214 216 216
-52.7 6.7 20.4 215 218 217
-51.9 6.7 20.5 215 215 215
-51.4 6.7 20.5 216 219 218
-32.9 6.7 20.5 17 17 17
-32.5 6.7 20.5 17 17 17
-31.9 6.7 20.5 18 18 18
-31.3 6.7 20.4 17 21 18
-10.2 6.8 20.7 235 238 237
-9.4 6.6 20.2 242 244 244
-9.0 6.6 20.2 220 220 220
-8.6 6.7 20.5 81 84 83
17.7 10.9 33.4 200 202 202
17.9 10.5 32.2 212 213 212
18.6 10.5 32.1 216 219 218
19.4 10.5 32.2 216 219 218
20.0 10.5 32.1 214 214 214
454.8 43.5 133.2 76 76 74
-31.9 7.2 20.5 16 16 16
-10.2 7.3 20.8 180 183 182
-9.4 7.0 20.1 165 168 167
-8.6 7.2 20.5 60 63 62
17.8 12.9 36.7 167 167 167
18.3 12.6 36.0 196 196 196
18.1 11.9 34.1 201 203 203
18.4 11.6 33.1 200 200 200
19.9 11.6 33.1 202 202 202
489.2 50.1 143.3 76 76 74
173.5 16.5 47.3 91 90 89
-10.2 7.7 20.7 144 146 146
-9.5 7.6 20.3 134 137 136
-8.6 7.6 20.5 54 57 56
18.6 13.1 35.0 165 165 165
19.4 13.0 35.0 183 183 183
174.0 17.7 47.4 91 90 89
180.0 18.2 48.8 88 88 88
-59.6 31.6 79.8 225 225 225
-55.9 30.6 77.2 225 225 225
-9.4 8.0 20.1 143 145 144
-8.6 8.1 20.5 57 57 57
174.8 18.9 47.6 91 90 89
179.6 19.3 48.6 88 88 88
-207.2 30.9 73.6 184 184 184
-205.5 30.9 73.6 148 150 150
-204.6 31.0 73.9 94 94 94
-202.1 30.9 73.6 36 37 36
-199.6 30.8 73.3 95 95 95
-197.9 30.8 73.3 131 131 131
-196.2 30.8 73.3 129 129 129
-195.3 30.9 73.6 128 128 128
-61.1 34.4 81.9 225 225 225
-9.4 8.4 20.1 177 177 177
30.5 4.3 10.2 54 57 56
436.4 52.6 125.3 97 97 97
374.8 44.8 106.9 140 140 140
174.8 20.0 47.6 88 88 88
181.9 20.7 49.3 88 88 88
169.0 19.1 45.5 88 88 88
-64.8 38.4 86.8 224 224 224
427.9 54.4 122.8 95 95 95
742.0 93.1 210.2 84 84 84
178.4 21.5 48.6 88 88 88
186.3 22.3 50.4 88 88 88
177.1 21.1 47.6 88 88 88
-76.3 46.2 99.0 221 221 221
-62.8 39.2 84.1 220 220 220
30.9 4.8 10.2 67 67 65
31.1 4.8 10.2 64 64 64
823.0 111.6 239.4 77 77 75
681.8 91.8 197.0 86 86 86
322.0 42.8 91.8 103 103 103
824.4 108.9 233.5 77 77 75
622.4 81.6 175.2 150 150 150
201.7 25.8 55.3 94 93 92
187.8 23.7 50.9 89 89 89
-83.5 38.1 77.8 194 194 194
-61.4 40.2 82.2 224 224 224
30.7 5.0 10.2 62 62 62
30.9 5.0 10.3 69 68 67
31.2 5.0 10.2 130 130 130
32.0 5.0 10.2 212 213 212
32.2 5.0 10.2 217 217 217
928.8 132.2 270.2 77 77 75
828.6 117.2 239.4 86 86 86
255.8 35.5 72.5 86 86 86
715.1 98.5 201.2 161 161 161
676.5 92.6 189.2 186 186 186
241.3 32.6 66.6 104 106 106
190.3 25.2 51.5 86 86 86
-61.1 42.0 81.9 224 224 224
30.7 5.3 10.3 62 62 62
31.0 5.3 10.3 68 67 66
31.2 5.3 10.3 174 174 174
32.2 5.2 10.2 217 217 217
1121.0 167.2 326.1 78 77 76
279.4 40.6 79.1 85 85 85
243.5 35.1 68.5 169 171 170
247.6 35.3 68.8 152 152 152
246.5 34.9 68.0 105 107 107
198.4 27.5 53.7 85 85 85
246.6 34.0 66.4 82 82 82
298.5 40.9 79.8 92 91 90
296.6 40.4 78.8 98 98 98
-72.7 37.1 69.3 93 96 95
-84.7 58.9 110.0 214 214 214
-63.6 45.7 85.2 225 225 225
323.6 49.4 92.3 47 48 47
289.1 43.9 81.9 87 87 87
250.3 37.3 69.5 138 138 138
245.6 36.3 67.8 98 98 98
244.9 35.3 65.9 87 87 87
314.4 45.1 84.1 92 91 90
312.2 44.5 83.0 113 114 113
-65.8 35.9 64.1 91 93 92
-103.5 72.9 130.5 131 133 132
-82.8 60.1 107.5 190 192 192
-67.6 50.6 90.5 219 219 219
294.2 46.6 83.3 79 79 79
1080.9 167.9 300.3 131 134 133
252.9 39.0 69.8 101 101 101
316.3 47.0 84.1 138 138 138
325.5 48.1 86.0 131 134 133
307.9 45.2 80.8 110 110 110
-74.6 41.4 71.1 66 66 66
-67.6 38.4 65.9 63 63 63
-117.2 86.1 147.8 130 130 130
-87.2 66.0 113.3 94 97 96
-67.9 53.0 90.9 206 206 206
328.4 54.5 93.6 52 53 51
299.4 49.4 84.8 85 85 85
1087.8 174.9 300.3 98 98 98
333.6 52.0 89.2 94 93 92
328.0 50.8 87.2 141 141 141
339.4 52.2 89.7 130 130 130
324.6 49.6 85.2 105 107 107
-137.7 105.1 173.5 119 119 119
30.3 6.1 10.1 65 65 65
335.0 57.9 95.5 53 55 53
318.0 54.6 90.1 89 89 89
348.4 56.4 93.2 94 93 92
345.5 55.6 91.8 148 148 148
358.1 57.3 94.6 134 136 135
346.4 55.1 90.9 110 110 110
30.4 6.4 10.1 57 58 56
31.2 6.4 10.1 210 210 210
33.0 6.4 10.2 224 224 224
33.3 6.4 10.2 224 224 224
368.4 62.0 98.5 85 85 85
352.3 58.9 93.6 157 157 157
371.0 61.6 98.0 130 130 130
356.7 58.9 93.6 131 134 133
52.0 81.7 125.3 192 195 194
47.1 70.1 107.5 200 200 200
74.3 77.6 119.0 178 181 180
75.6 76.1 116.8 178 181 180
79.3 77.1 118.2 178 181 180
81.1 76.1 116.8 188 188 188
81.8 74.3 114.0 180 183 182
95.2 76.6 117.5 60 60 60
97.4 76.1 116.8 58 58 58
101.3 77.1 118.2 58 58 58
102.2 75.7 116.1 51 52 50
108.2 76.1 116.8 51 52 50
109.6 75.2 115.3 56 56 56
113.6 76.1 116.8 56 56 56
116.4 76.1 116.8 56 56 56
118.3 75.7 116.1 49 50 48
121.0 75.7 116.1 49 50 48
124.5 76.1 116.8 49 50 48
127.2 76.1 116.8 49 50 48
129.9 76.1 116.8 51 52 50
132.6 76.1 116.8 51 52 50
135.4 76.1 116.8 51 52 50
138.1 76.1 116.8 51 52 50
139.9 75.7 116.1 51 52 50
144.4 76.6 117.5 53 55 53
147.1 76.6 117.5 51 52 50
148.0 75.7 116.1 58 58 58
151.6 76.1 116.8 62 64 61
154.4 76.1 116.8 63 65 65
157.1 76.1 116.8 63 65 65
159.8 76.1 116.8 68 68 68
161.5 75.7 116.1 68 68 68
165.2 76.1 116.8 63 65 65
167.9 76.1 116.8 71 71 71
170.6 76.1 116.8 88 88 88
173.4 76.1 116.8 91 91 91
177.2 76.6 117.5 93 96 95
178.8 76.1 116.8 104 104 104
180.4 75.7 116.1 109 109 109
183.1 75.7 116.1 111 111 111
186.9 76.1 116.8 143 145 144
190.8 76.6 117.5 160 160 160
192.4 76.1 116.8 173 173 173
197.8 76.1 116.8 166 166 166
198.1 75.2 115.3 192 192 192
211.2 77.1 118.2 207 207 207
216.8 76.1 116.8 212 213 212
33.2 6.7 10.2 220 220 220
348.9 60.5 92.7 152 154 154
373.0 64.2 98.5 131 134 133
369.5 63.3 97.0 139 139 139
35.2 79.3 117.5 198 198 198
38.1 79.8 118.2 205 208 207
53.1 86.3 127.8 205 205 205
50.6 77.9 115.3 205 208 207
59.4 78.9 116.8 207 210 209
61.7 78.4 116.1 210 213 212
75.7 81.9 121.3 209 209 209
77.6 80.9 119.7 193 196 195
80.3 80.9 119.7 172 172 172
83.7 81.4 120.5 175 175 175
84.8 79.8 118.2 177 180 179
87.0 79.3 117.5 150 152 152
90.3 79.8 118.2 141 143 142
93.1 79.8 118.2 68 68 68
95.8 79.8 118.2 65 67 66
99.2 80.3 119.0 75 75 75
102.6 80.9 119.7 74 73 71
104.1 79.8 118.2 71 71 71
108.2 80.9 119.7 63 64 62
111.0 80.9 119.7 61 61 61
112.3 79.8 118.2 63 64 62
115.1 79.8 118.2 64 66 66
118.6 80.3 119.0 59 59 59
120.6 79.8 118.2 55 56 54
123.3 79.8 118.2 52 54 52
126.9 80.3 119.0 52 54 52
129.6 80.3 119.0 51 52 50
131.6 79.8 118.2 52 54 52
135.1 80.3 119.0 52 54 52
137.9 80.3 119.0 52 54 52
139.8 79.8 118.2 55 56 54
142.5 79.8 118.2 55 56 54
147.1 80.9 119.7 58 58 58
149.9 80.9 119.7 55 56 54
150.8 79.8 118.2 59 59 59
153.5 79.8 118.2 62 62 62
156.3 79.8 118.2 64 66 66
159.0 79.8 118.2 64 66 66
162.8 80.3 119.0 70 70 70
164.5 79.8 118.2 70 70 70
167.3 79.8 118.2 73 73 73
170.0 79.8 118.2 78 77 76
172.8 79.8 118.2 94 94 94
175.5 79.8 118.2 93 93 93
179.4 80.3 119.0 95 95 95
182.2 80.3 119.0 102 102 102
183.8 79.8 118.2 106 106 106
186.5 79.8 118.2 111 111 111
189.3 79.8 118.2 145 147 147
193.2 80.3 119.0 161 161 161
194.8 79.8 118.2 173 173 173
197.5 79.8 118.2 176 179 178
200.3 79.8 118.2 173 175 175
203.0 79.8 118.2 192 192 192
205.8 79.8 118.2 198 201 200
211.1 80.9 119.7 206 206 206
213.9 80.9 119.7 207 207 207
215.3 80.3 119.0 210 210 210
218.1 80.3 119.0 209 209 209
220.9 80.3 119.0 212 213 212
222.2 79.8 118.2 212 213 212
226.4 80.3 119.0 214 214 214
229.2 80.3 119.0 216 216 216
231.9 80.3 119.0 218 218 218
239.2 81.9 121.3 218 218 218
237.5 80.3 119.0 218 218 218
240.2 80.3 119.0 218 218 218
241.5 79.8 118.2 180 183 182
244.2 79.8 118.2 191 191 191
248.5 80.3 119.0 196 199 198
252.9 80.9 119.7 196 199 198
255.7 80.9 119.7 196 199 198
256.8 80.3 119.0 196 199 198
258.0 79.8 118.2 196 199 198
273.9 50.1 74.2 78 77 76
426.0 77.4 114.6 78 77 76
393.0 71.0 105.1 80 80 80
354.1 63.6 94.1 152 154 154
385.0 68.7 101.7 131 134 133
377.2 66.9 99.0 152 152 152
64.1 84.2 120.5 207 210 209
93.6 100.9 144.4 192 192 192
30.7 7.0 10.0 195 198 197
32.8 7.0 10.0 225 225 225
465.5 87.5 125.3 87 87 87
418.5 78.2 111.9 80 80 80
363.1 67.4 96.5 145 147 147
447.6 82.6 118.2 131 134 133
407.1 74.7 106.9 164 163 161
69.4 94.2 130.5 206 209 208
502.1 97.5 135.1 82 82 82
399.6 77.1 106.9 90 90 90
363.1 69.7 96.5 130 130 130
474.3 90.4 125.3 130 130 130
407.1 77.1 106.9 172 174 174
-309.0 123.6 165.9 126 129 128
-305.2 123.6 165.9 126 126 126
-298.7 122.6 164.5 121 121 121
-297.5 123.6 165.9 119 119 119
-298.9 125.8 168.9 114 116 115
-292.3 124.7 167.4 114 116 115
-283.4 122.6 164.5 113 114 113
-279.6 122.6 164.5 113 114 113
-275.8 122.6 164.5 110 110 110
-271.9 122.6 164.5 104 106 106
-268.1 122.6 164.5 103 105 105
-264.3 122.6 164.5 108 108 108
-260.5 122.6 164.5 114 116 115
-256.6 122.6 164.5 169 169 169
-252.8 122.6 164.5 169 169 169
-249.0 122.6 164.5 134 134 134
-245.2 122.6 164.5 148 148 148
-241.4 122.6 164.5 176 176 176
-237.5 122.6 164.5 199 199 199
-233.7 122.6 164.5 207 207 207
-229.9 122.6 164.5 208 211 210
-226.1 122.6 164.5 194 197 196
-226.2 124.7 167.4 167 167 167
-224.3 125.8 168.9 158 158 158
-214.6 122.6 164.5 158 158 158
-208.6 125.8 168.9 113 115 114
-197.6 121.5 163.1 81 81 81
-197.2 123.6 165.9 34 34 34
-196.8 125.8 168.9 36 36 36
-196.4 128.1 172.0 54 54 54
-194.1 129.3 173.5 13 13 13
-185.0 125.8 168.9 11 16 13
-181.1 125.8 168.9 20 23 21
-171.0 121.5 163.1 27 28 26
-167.3 121.5 163.1 140 140 140
-164.9 122.6 164.5 146 146 146
-161.1 122.6 164.5 177 177 177
-119.0 122.6 164.5 90 90 90
-115.2 122.6 164.5 90 90 90
-111.4 122.6 164.5 90 90 90
-107.5 122.6 164.5 79 79 79
-106.5 125.8 168.9 211 211 211
-100.8 123.6 165.9 224 224 224
66.0 118.4 159.0 203 205 205
68.9 96.5 129.6 208 211 210
70.9 95.2 127.8 208 211 210
107.5 123.6 165.9 156 156 156
115.4 128.1 172.0 162 162 162
116.2 124.7 167.4 175 177 177
110.4 114.6 153.8 139 141 140
138.1 127.0 170.4 126 129 128
140.8 125.8 168.9 132 132 132
141.0 122.6 164.5 133 133 133
148.7 125.8 168.9 132 132 132
152.6 125.8 168.9 134 137 136
164.4 125.8 168.9 82 82 82
163.9 122.6 164.5 59 61 59
167.7 122.6 164.5 45 45 45
173.1 123.6 165.9 36 36 36
178.5 124.7 167.4 34 34 34
180.8 123.6 165.9 33 33 31
184.6 123.6 165.9 34 34 34
188.5 123.6 165.9 36 36 36
192.4 123.6 165.9 37 38 37
196.2 123.6 165.9 39 39 39
201.8 124.7 167.4 39 39 39
207.6 125.8 168.9 39 39 39
206.0 122.6 164.5 39 39 39
209.8 122.6 164.5 46 47 45
219.3 125.8 168.9 62 62 62
223.3 125.8 168.9 69 72 71
227.2 125.8 168.9 71 73 73
227.1 123.6 165.9 75 75 75
230.9 123.6 165.9 71 73 73
236.9 124.7 167.4 75 75 75
240.7 124.7 167.4 100 102 102
242.5 123.6 165.9 100 100 100
248.5 124.7 167.4 100 100 100
254.7 125.8 168.9 99 99 99
256.3 124.7 167.4 102 104 104
255.7 122.6 164.5 102 104 104
261.8 123.6 165.9 101 101 101
270.4 125.8 168.9 153 153 153
271.9 124.7 167.4 168 168 168
281.1 123.6 165.9 181 181 181
292.6 127.0 170.4 197 197 197
293.9 125.8 168.9 205 205 205
290.1 122.6 164.5 208 208 208
299.1 124.7 167.4 211 211 211
309.6 125.8 168.9 210 210 210
314.7 124.7 167.4 215 215 215
315.8 123.6 165.9 217 217 217
408.9 81.5 109.3 90 90 90
347.2 68.7 92.3 131 134 133
447.6 88.1 118.2 139 139 139
434.0 84.9 114.0 173 175 175
579.9 112.7 151.3 173 175 175
-287.1 129.8 168.9 111 111 111
-275.3 129.8 168.9 103 103 103
-271.4 129.8 168.9 84 84 84
-267.4 129.8 168.9 92 92 92
-263.5 129.8 168.9 133 133 133
-220.3 129.8 168.9 150 152 152
-196.8 129.8 168.9 35 37 36
-102.6 129.8 168.9 211 211 211
67.2 124.2 161.7 186 188 187
75.0 103.8 135.1 205 208 207
91.1 121.1 157.6 206 206 206
105.5 129.8 168.9 193 196 195
108.5 128.6 167.4 158 158 158
115.4 132.1 172.0 161 161 161
115.2 127.5 165.9 190 190 190
116.0 124.2 161.7 182 182 182
139.6 128.6 167.4 132 132 132
142.2 127.5 165.9 131 131 131
147.4 128.6 167.4 125 125 125
151.3 128.6 167.4 113 115 114
152.4 126.4 164.5 80 79 78
156.3 126.4 164.5 53 53 53
162.9 128.6 167.4 50 51 49
165.4 127.5 165.9 46 46 46
167.7 126.4 164.5 32 32 32
173.1 127.5 165.9 30 32 32
176.9 127.5 165.9 27 27 27
180.8 127.5 165.9 25 25 25
183.0 126.4 164.5 27 27 27
188.5 127.5 165.9 28 28 28
192.4 127.5 165.9 30 30 30
196.2 127.5 165.9 30 32 32
200.1 127.5 165.9 30 30 30
205.7 128.6 167.4 31 33 33
207.8 127.5 165.9 33 33 33
211.6 127.5 165.9 40 40 40
217.4 128.6 167.4 59 60 58
223.3 129.8 168.9 70 72 72
225.2 128.6 167.4 72 74 74
227.1 127.5 165.9 77 77 77
228.9 126.4 164.5 77 77 77
236.9 128.6 167.4 73 75 75
240.7 128.6 167.4 112 114 113
242.5 127.5 165.9 102 104 104
244.2 126.4 164.5 102 102 102
252.4 128.6 167.4 101 101 101
254.1 127.5 165.9 101 101 101
257.9 127.5 165.9 104 106 106
259.5 126.4 164.5 98 98 98
268.0 128.6 167.4 150 152 152
269.5 127.5 165.9 165 168 167
268.6 125.3 163.1 175 177 177
274.8 126.4 164.5 177 180 179
278.6 126.4 164.5 184 184 184
287.4 128.6 167.4 197 200 199
291.3 128.6 167.4 205 205 205
292.6 127.5 165.9 209 209 209
293.9 126.4 164.5 211 211 211
297.7 126.4 164.5 211 211 211
306.9 128.6 167.4 211 211 211
305.4 126.4 164.5 214 214 214
311.9 127.5 165.9 214 214 214
315.8 127.5 165.9 215 215 215
316.8 126.4 164.5 220 220 220
315.2 124.2 161.7 220 220 220
321.7 125.3 163.1 222 222 222
328.3 126.4 164.5 219 219 219
338.0 128.6 167.4 219 219 219
338.9 127.5 165.9 180 180 180
334.1 68.2 88.8 132 135 134
352.8 71.6 93.2 118 120 119
561.9 112.7 146.6 173 175 175
97.6 197.0 248.9 184 187 186
68.3 130.2 164.5 186 188 187
83.3 118.8 150.1 205 205 205
94.3 129.1 163.1 205 205 205
99.8 131.3 165.9 197 197 197
156.7 184.9 233.5 173 173 173
162.3 138.6 175.2 54 54 54
332.6 70.0 88.4 132 135 134
344.3 72.0 90.9 112 112 112
326.0 67.8 85.6 171 173 173
557.6 115.2 145.5 173 175 175
-263.4 188.0 230.7 59 59 59
72.8 142.7 175.2 197 197 197
86.0 126.3 155.1 198 198 198
100.3 141.4 173.5 199 199 199
103.4 140.1 172.0 192 195 194
135.4 158.9 195.0 168 168 168
342.2 74.1 90.9 134 137 136
575.3 122.3 150.1 174 176 176
345.5 77.0 91.8 131 131 131
579.9 126.8 151.3 171 173 173
-225.0 307.4 356.9 89 89 89
134.9 296.2 343.9 182 182 182
150.5 267.1 310.1 195 195 195
163.2 243.2 282.3 194 194 194
180.6 258.6 300.3 188 190 190
215.2 276.1 320.6 186 186 186
-972.1 348.6 394.1 64 64 64
-963.0 348.6 394.1 65 65 65
-523.3 348.6 394.1 70 72 69
-493.6 334.6 378.3 74 74 74
-458.8 341.5 386.0 35 35 35
-432.2 328.1 370.9 38 38 36
-423.5 328.1 370.9 58 59 59
-440.8 348.6 394.1 10 10 10
-422.5 348.6 394.1 165 165 165
-404.9 341.5 386.0 154 154 154
-376.7 348.6 394.1 186 186 186
-333.1 341.5 386.0 149 151 151
-330.9 348.6 394.1 147 149 149
-252.4 341.5 386.0 72 74 74
-225.0 315.7 356.9 88 88 88
-225.2 328.1 370.9 97 97 97
-230.2 348.6 394.1 89 91 90
-221.0 348.6 394.1 147 147 145
-162.7 341.5 386.0 230 230 230
-129.4 348.6 394.1 191 191 191
142.7 321.8 363.8 162 162 162
174.8 334.6 378.3 187 189 189
155.6 283.6 320.6 192 192 192
165.8 288.5 326.1 192 192 192
170.9 261.4 295.6 190 192 192
180.6 265.6 300.3 194 194 194
222.9 315.7 356.9 167 167 167
255.3 348.6 394.1 170 171 170
215.2 283.6 320.6 184 184 184
252.6 321.8 363.8 188 190 190
321.9 341.5 386.0 106 106 106
337.8 348.6 394.1 47 48 47
392.7 348.6 394.1 33 36 35
447.7 348.6 394.1 30 29 29
456.8 348.6 394.1 23 24 23
575.9 348.6 394.1 122 124 123
662.9 341.5 386.0 202 204 204
609.6 309.8 350.3 210 210 210
-972.1 357.7 394.1 186 186 186
-963.0 357.7 394.1 167 167 167
-503.6 350.4 386.0 74 74 74
-458.8 350.4 386.0 42 43 42
-440.8 343.4 378.3 35 37 36
-423.5 336.7 370.9 53 53 53
-422.5 357.7 394.1 165 165 165
-413.4 357.7 394.1 155 155 155
-340.1 357.7 394.1 167 167 167
-257.6 357.7 394.1 73 75 75
-220.9 318.0 350.3 87 87 87
-225.2 336.7 370.9 91 93 92
-230.2 357.7 394.1 103 105 105
-166.0 357.7 394.1 226 226 226
148.4 343.4 378.3 166 166 166
182.0 357.7 394.1 182 182 182
155.6 291.0 320.6 184 187 186
151.9 238.5 262.7 190 192 192
153.7 232.0 255.6 187 189 189
214.8 312.2 343.9 158 161 160
218.9 296.1 326.1 186 186 186
321.9 350.4 386.0 128 131 130
337.8 357.7 394.1 33 33 33
356.1 357.7 394.1 23 23 22
392.7 357.7 394.1 42 42 42
676.7 357.7 394.1 202 204 204
609.6 318.0 350.3 211 211 211
160.8 259.0 278.2 194 194 194
167.3 259.0 278.2 187 189 189
193.7 288.7 310.1 170 171 170
218.9 303.6 326.1 188 190 190
33.1 9.8 10.3 36 37 35
33.4 9.8 10.3 34 34 34
37.9 9.8 10.3 63 65 65
38.1 9.8 10.2 94 93 92
38.3 9.8 10.2 129 129 129
38.5 9.8 10.2 129 129 129
33.0 10.0 10.2 39 39 39
33.2 10.0 10.2 39 39 39
33.1 9.8 10.0 39 39 39
37.8 10.0 10.2 65 67 66
37.9 10.0 10.2 120 122 121
38.1 10.0 10.2 129 129 129
38.3 10.0 10.2 106 106 106
38.0 10.1 10.1 116 116 116
97.6 176.9 168.9 169 169 169
116.1 202.1 193.0 185 185 185
129.3 230.1 215.0 185 185 185
19.7 323.3 295.6 216 216 216
26.6 323.3 295.6 214 214 214
158.5 299.8 274.1 155 155 155
144.0 261.9 239.4 182 182 182
184.6 323.3 295.6 183 183 183
-624.0 440.2 394.1 4 10 6
-556.9 398.7 356.9 1 6 2
-581.5 422.6 378.3 26 30 27
-542.2 406.3 363.8 92 91 90
-578.2 440.2 394.1 95 95 95
-569.1 440.2 394.1 98 98 98
-516.9 406.3 363.8 100 100 100
-508.4 406.3 363.8 102 102 102
-509.7 414.3 370.9 98 98 98
-501.1 414.3 370.9 80 80 80
-465.1 391.3 350.3 87 87 87
-418.3 358.1 320.6 105 105 103
-484.8 422.6 378.3 87 87 87
-476.0 422.6 378.3 141 141 141
-476.7 431.2 386.0 104 103 101
-467.7 431.2 386.0 208 208 208
-387.6 364.3 326.1 30 30 30
-373.6 358.1 320.6 32 33 31
-366.1 358.1 320.6 30 30 30
-384.7 384.2 343.9 96 95 94
-398.5 406.3 363.8 96 95 94
-362.2 377.3 337.8 87 87 87
-381.6 406.3 363.8 85 85 85
-396.0 431.2 386.0 94 94 94
-387.0 431.2 386.0 159 159 159
-370.4 422.6 378.3 171 173 173
-328.8 384.2 343.9 168 168 168
-246.3 406.3 363.8 103 103 103
-217.0 370.7 331.9 89 89 89
-198.8 352.1 315.3 51 51 51
-191.5 352.1 315.3 101 103 103
-190.5 364.3 326.1 102 104 104
-192.9 384.2 343.9 98 100 100
-195.5 406.3 363.8 99 101 101
-198.5 431.2 386.0 131 133 132
-182.1 414.3 370.9 145 145 144
-180.6 431.2 386.0 152 154 154
-158.7 398.7 356.9 153 155 155
-142.3 377.3 337.8 149 149 149
-150.6 422.6 378.3 159 159 159
-138.6 440.2 394.1 188 188 188
-119.4 406.3 363.8 181 181 181
-117.8 431.2 386.0 177 180 179
15.3 391.3 350.3 214 214 214
21.1 352.1 315.3 215 215 215
26.6 330.1 295.6 212 213 212
34.0 335.4 300.3 197 197 197
140.0 398.7 356.9 205 208 207
153.0 352.1 315.3 172 174 174
165.7 320.1 286.6 153 153 153
158.0 293.5 262.7 160 160 160
190.6 340.8 305.1 180 180 180
255.3 440.2 394.1 183 183 183
264.5 440.2 394.1 186 186 186
251.4 346.4 310.1 22 22 22
330.9 431.2 386.0 77 79 77
302.8 384.2 343.9 72 72 72
267.1 330.1 295.6 58 59 59
302.3 364.3 326.1 50 50 50
317.4 364.3 326.1 42 43 42
309.0 346.4 310.1 41 41 41
401.9 440.2 394.1 39 39 39
402.6 431.2 386.0 38 38 36
341.9 358.1 320.6 34 36 36
371.7 358.1 320.6 30 30 30
464.9 422.6 378.3 14 18 15
455.5 406.3 363.8 14 18 15
482.5 422.6 378.3 57 57 57
501.4 431.2 386.0 67 67 67
528.3 431.2 386.0 227 227 227
548.4 440.2 394.1 74 76 75
557.6 440.2 394.1 71 71 71
533.4 414.3 370.9 82 82 82
511.9 391.3 350.3 87 87 85
550.7 414.3 370.9 88 88 88
582.1 431.2 386.0 91 91 91
517.2 377.3 337.8 100 99 97
600.1 431.2 386.0 97 96 94
640.0 440.2 394.1 187 189 189
649.2 440.2 394.1 193 193 193
612.8 398.7 356.9 212 213 212
548.7 352.1 315.3 217 217 217
-372.4 371.9 326.1 30 29 29
-205.6 371.9 326.1 53 55 54
-191.5 359.5 315.3 90 92 91
21.4 365.6 320.6 215 215 215
26.6 337.0 295.6 215 215 215
142.7 414.8 363.8 203 205 205
165.7 326.8 286.6 144 144 144
158.0 299.6 262.7 151 151 151
190.6 347.9 305.1 168 168 168
333.0 431.4 378.3 79 81 80
319.5 365.6 320.6 44 44 44
558.0 365.6 320.6 216 216 216
38.1 13.9 11.1 74 74 74
42.1 14.0 11.1 153 153 153
42.1 13.9 11.0 109 111 111
42.4 13.9 11.1 109 111 111
44.5 15.7 12.3 109 111 111
44.6 15.6 12.2 109 111 111
44.7 16.0 12.3 112 114 113
44.8 15.9 12.2 112 114 113
45.6 16.1 12.4 118 118 118
45.4 15.9 12.2 118 118 118
44.9 16.4 12.4 109 111 111
45.1 16.4 12.4 109 111 111
45.2 16.3 12.3 112 114 113
45.8 16.4 12.4 121 121 121
45.9 16.4 12.3 130 130 130
45.2 16.7 12.4 110 112 111
45.3 16.7 12.3 116 116 116
42.6 17.0 11.6 117 117 117
39.9 16.1 10.8 128 131 130
40.1 16.4 10.9 128 131 130
40.2 16.7 10.9 128 131 130
42.9 18.9 11.8 109 109 109
43.0 19.2 11.8 109 109 109
43.0 19.1 11.7 113 115 114
43.0 19.5 11.8 109 109 109
43.1 19.4 11.7 110 112 111
